{"PROVE-USD": 1772345133.6980903, "MON-USD": 1772345183.8838043, "MANA-USD": 1772345096.0698826, "SUI-USD": 1772345297.3348343, "SENT-USD": 1772345095.9347365, "MORPHO-USD": 1772345133.5398893, "ILV-USD": 1772345183.748878, "JTO-USD": 1772345208.1889915, "SAND-USD": 1772345297.0598507, "EIGEN-USD": 1772345297.1987545, "UMA-USD": 1772345322.3648934, "OGN-USD": 1772345421.2088208}