{"PROVE-USD": 1772342825.0330274, "MON-USD": 1772342912.8136406, "MANA-USD": 1772343224.2354503}