{"PROVE-USD": 1772352002.116017, "MON-USD": 1772352241.65533, "MANA-USD": 1772347601.8171604, "SUI-USD": 1772345297.3348343, "SENT-USD": 1772347212.115856, "MORPHO-USD": 1772350471.9591918, "ILV-USD": 1772345183.748878, "JTO-USD": 1772345208.1889915, "SAND-USD": 1772348782.1164412, "EIGEN-USD": 1772347589.1642044, "UMA-USD": 1772345322.3648934, "OGN-USD": 1772345421.2088208, "SPK-USD": 1772348731.1033947, "QNT-USD": 1772345471.115468, "REZ-USD": 1772345471.3632665, "CRO-USD": 1772348743.8350735, "TOWNS-USD": 1772352065.8205347}