{"PROVE-USD": 1772355132.8548174, "MON-USD": 1772357632.3122225, "MANA-USD": 1772355095.2774, "SUI-USD": 1772355144.8863966, "SENT-USD": 1772355157.5013158, "MORPHO-USD": 1772355182.9507623, "ILV-USD": 1772355095.1447265, "JTO-USD": 1772355132.9837832, "SAND-USD": 1772355748.2426786, "EIGEN-USD": 1772355207.9230783, "UMA-USD": 1772357317.624692, "OGN-USD": 1772355083.418401, "SPK-USD": 1772355684.9478061, "QNT-USD": 1772355108.4668813, "REZ-USD": 1772357481.2649577, "CRO-USD": 1772355020.1238606, "TOWNS-USD": 1772355182.8190632, "ARPA-USD": 1772357455.5421624}