{"PROVE-USD": 1772368237.0651286, "MON-USD": 1772369355.14843, "MANA-USD": 1772359612.2146516, "SUI-USD": 1772368462.9222875, "SENT-USD": 1772369252.6733139, "MORPHO-USD": 1772358670.996005, "ILV-USD": 1772367720.3273838, "JTO-USD": 1772357946.2362068, "SAND-USD": 1772369417.9223769, "EIGEN-USD": 1772359411.4498036, "UMA-USD": 1772366601.5851014, "OGN-USD": 1772368348.8419285, "SPK-USD": 1772359638.4060376, "QNT-USD": 1772369355.0132182, "REZ-USD": 1772364613.5628214, "CRO-USD": 1772369202.4101489, "TOWNS-USD": 1772368462.7836332, "ARPA-USD": 1772357455.5421624, "OMNI-USD": 1772368701.914816, "RAD-USD": 1772363561.1034262}