{"PROVE-USD": 1772345471.500077, "MON-USD": 1772346824.5122645, "MANA-USD": 1772347601.8171604, "SUI-USD": 1772345297.3348343, "SENT-USD": 1772347212.115856, "MORPHO-USD": 1772346787.1893973, "ILV-USD": 1772345183.748878, "JTO-USD": 1772345208.1889915, "SAND-USD": 1772345297.0598507, "EIGEN-USD": 1772347589.1642044, "UMA-USD": 1772345322.3648934, "OGN-USD": 1772345421.2088208, "SPK-USD": 1772345458.5825334, "QNT-USD": 1772345471.115468, "REZ-USD": 1772345471.3632665}