{"PROVE-USD": 1772342825.0330274, "MON-USD": 1772342912.8136406}