{"PROVE-USD": 1772371242.7580543, "MON-USD": 1772371469.0463667, "MANA-USD": 1772369657.575107, "SUI-USD": 1772369581.5791278, "SENT-USD": 1772371267.9982994, "MORPHO-USD": 1772371267.5223813, "ILV-USD": 1772371267.8063424, "JTO-USD": 1772371304.7805767, "SAND-USD": 1772371268.2077663, "EIGEN-USD": 1772371267.669187, "UMA-USD": 1772366601.5851014, "OGN-USD": 1772368348.8419285, "SPK-USD": 1772359638.4060376, "QNT-USD": 1772369355.0132182, "REZ-USD": 1772371242.5753684, "CRO-USD": 1772369202.4101489, "TOWNS-USD": 1772368462.7836332, "ARPA-USD": 1772357455.5421624, "OMNI-USD": 1772370625.7073154, "RAD-USD": 1772363561.1034262}