{"PROVE-USD": 1772368237.0651286, "MON-USD": 1772364865.272256, "MANA-USD": 1772359612.2146516, "SUI-USD": 1772368462.9222875, "SENT-USD": 1772357895.6236289, "MORPHO-USD": 1772358670.996005, "ILV-USD": 1772367720.3273838, "JTO-USD": 1772357946.2362068, "SAND-USD": 1772357995.036015, "EIGEN-USD": 1772359411.4498036, "UMA-USD": 1772366601.5851014, "OGN-USD": 1772368348.8419285, "SPK-USD": 1772359638.4060376, "QNT-USD": 1772359423.8698523, "REZ-USD": 1772364613.5628214, "CRO-USD": 1772355020.1238606, "TOWNS-USD": 1772368462.7836332, "ARPA-USD": 1772357455.5421624, "OMNI-USD": 1772366827.2646575, "RAD-USD": 1772363561.1034262}