{"PROVE-USD": 1772342825.0330274, "MON-USD": 1772344492.2313702, "MANA-USD": 1772345096.0698826, "SUI-USD": 1772344982.1439252, "SENT-USD": 1772345095.9347365}