{"PROVE-USD": 1772357907.3291388, "MON-USD": 1772357632.3122225, "MANA-USD": 1772357907.1905959, "SUI-USD": 1772357958.2545087, "SENT-USD": 1772357895.6236289, "MORPHO-USD": 1772358670.996005, "ILV-USD": 1772359086.003478, "JTO-USD": 1772357946.2362068, "SAND-USD": 1772357995.036015, "EIGEN-USD": 1772355207.9230783, "UMA-USD": 1772357317.624692, "OGN-USD": 1772355083.418401, "SPK-USD": 1772355684.9478061, "QNT-USD": 1772355108.4668813, "REZ-USD": 1772359262.1669197, "CRO-USD": 1772355020.1238606, "TOWNS-USD": 1772355182.8190632, "ARPA-USD": 1772357455.5421624, "OMNI-USD": 1772359237.9690335}