{"PROVE-USD": 1772354404.7600832, "MON-USD": 1772354856.8082235, "MANA-USD": 1772347601.8171604, "SUI-USD": 1772354781.8559065, "SENT-USD": 1772354832.4451835, "MORPHO-USD": 1772354014.8436844, "ILV-USD": 1772345183.748878, "JTO-USD": 1772354693.5686927, "SAND-USD": 1772348782.1164412, "EIGEN-USD": 1772347589.1642044, "UMA-USD": 1772345322.3648934, "OGN-USD": 1772345421.2088208, "SPK-USD": 1772353928.2998426, "QNT-USD": 1772345471.115468, "REZ-USD": 1772345471.3632665, "CRO-USD": 1772355020.1238606, "TOWNS-USD": 1772352065.8205347}