{"cash": 369.72385801847213, "trade_count": 75, "win_count": 28, "loss_count": 47, "total_profit": -21.52472140882944}