{"cash": 489.2081004788315, "trade_count": 83, "win_count": 9, "loss_count": 74, "total_profit": -10.791899521169164}