{"cash": 406.4093437318953, "trade_count": 88, "win_count": 30, "loss_count": 58, "total_profit": -31.547634568092192}