{"cash": 496.14839264408295, "trade_count": 34, "win_count": 6, "loss_count": 28, "total_profit": -3.8516073559176753}