{"cash": 841.9531511144645, "trade_count": 100, "win_count": 35, "loss_count": 65, "total_profit": -42.59938395784477}