{"cash": 322.5710572258294, "trade_count": 55, "win_count": 21, "loss_count": 34, "total_profit": -18.298525243158725}