{"cash": 260.68406741885264, "trade_count": 119, "win_count": 41, "loss_count": 78, "total_profit": -52.98892029273596}