{"cash": 296.20113944369086, "trade_count": 52, "win_count": 20, "loss_count": 32, "total_profit": -17.053749885994577}