{"cash": 207.8714732179547, "trade_count": 2, "win_count": 0, "loss_count": 2, "total_profit": -2.7807371122206868}