{"cash": 209.13443747441107, "trade_count": 4, "win_count": 0, "loss_count": 4, "total_profit": -3.3643516045096558}