{"cash": 372.8366491510736, "trade_count": 72, "win_count": 28, "loss_count": 44, "total_profit": -18.411930276228087}