{"cash": 257.8096381361412, "trade_count": 24, "win_count": 10, "loss_count": 14, "total_profit": -14.912571328635094}