{"cash": 258.1193977232197, "trade_count": 26, "win_count": 11, "loss_count": 15, "total_profit": -14.602811741556563}