{"cash": 21.842570114903367, "start_balance": 1000.0, "trade_count": 10, "win_count": 1, "loss_count": 9, "total_profit": -3.1574298850966294}