{"cash": 225.21970208357502, "trade_count": 48, "win_count": 17, "loss_count": 31, "total_profit": -17.229117519402298}