{"cash": 217.24994707776958, "trade_count": 13, "win_count": 5, "loss_count": 8, "total_profit": -11.319683248077432}