{"cash": 489.9122508649808, "trade_count": 79, "win_count": 9, "loss_count": 70, "total_profit": -10.087749135019962}