{"cash": 269.80856039900334, "trade_count": 115, "win_count": 39, "loss_count": 76, "total_profit": -52.99758688011964}