{"cash": 377.29260809652027, "trade_count": 71, "win_count": 28, "loss_count": 43, "total_profit": -13.955971330781377}