{"cash": 324.1862692293624, "trade_count": 65, "win_count": 24, "loss_count": 41, "total_profit": -16.40323084527132}