{"cash": 215.8187521751534, "trade_count": 21, "win_count": 8, "loss_count": 13, "total_profit": -15.395039469865164}