{"cash": 318.1533242086489, "trade_count": 78, "win_count": 29, "loss_count": 49, "total_profit": -23.482305836982142}