{"cash": 219.2336610728775, "trade_count": 20, "win_count": 8, "loss_count": 12, "total_profit": -13.579460561345154}