{"cash": 308.24972963762895, "trade_count": 121, "win_count": 43, "loss_count": 78, "total_profit": -52.54119208408403}