{"cash": 500.57608394261786, "trade_count": 2, "win_count": 2, "loss_count": 0, "total_profit": 0.5760839426178102}