{"cash": 320.03704801306225, "trade_count": 76, "win_count": 29, "loss_count": 47, "total_profit": -21.27193892176427}