{"cash": 227.1473195273014, "trade_count": 23, "win_count": 9, "loss_count": 14, "total_profit": -15.57118915078201}