{"cash": 653.6978008102964, "trade_count": 95, "win_count": 32, "loss_count": 63, "total_profit": -39.01526192648023}