{"cash": 269.954948539511, "trade_count": 32, "win_count": 12, "loss_count": 20, "total_profit": -16.95330853075275}