{"cash": 488.5011564987243, "trade_count": 88, "win_count": 9, "loss_count": 79, "total_profit": -11.498843501276344}