{"cash": 375.3144670360079, "trade_count": 117, "win_count": 41, "loss_count": 76, "total_profit": -52.75198566566913}