{"cash": 305.28359063008554, "trade_count": 43, "win_count": 16, "loss_count": 27, "total_profit": -15.124946734671763}