{"cash": 258.19581015848433, "trade_count": 25, "win_count": 11, "loss_count": 14, "total_profit": -14.52639930629196}