{"cash": 267.75641812664463, "trade_count": 37, "win_count": 14, "loss_count": 23, "total_profit": -16.118222242214106}