{"cash": 367.76627359031954, "trade_count": 78, "win_count": 29, "loss_count": 49, "total_profit": -23.482305836982142}