{"cash": 310.0356978847071, "trade_count": 39, "win_count": 14, "loss_count": 25, "total_profit": -17.54446914249962}