{"cash": 496.01450640935934, "trade_count": 36, "win_count": 6, "loss_count": 30, "total_profit": -3.9854935906413154}