{"cash": 246.41537943424635, "trade_count": 110, "win_count": 39, "loss_count": 71, "total_profit": -48.61381210764916}