{"cash": 488.90534133248264, "trade_count": 92, "win_count": 11, "loss_count": 81, "total_profit": -11.09465866751803}