{"cash": 783.9891270734034, "trade_count": 98, "win_count": 33, "loss_count": 65, "total_profit": -43.86484772730101}