{"cash": 408.75909195512156, "trade_count": 84, "win_count": 29, "loss_count": 55, "total_profit": -28.680944476870444}