{"cash": 304.2996699425935, "trade_count": 120, "win_count": 42, "loss_count": 78, "total_profit": -52.9681212452759}