{"cash": 296.0516872494423, "trade_count": 48, "win_count": 17, "loss_count": 31, "total_profit": -17.229117519402298}