{"cash": 250.22302101248462, "trade_count": 8, "win_count": 2, "loss_count": 6, "total_profit": -11.15365297269634}