{"cash": 298.21029119813966, "trade_count": 133, "win_count": 47, "loss_count": 86, "total_profit": -55.41717659364872}