{"cash": 341.56785819777656, "trade_count": 41, "win_count": 15, "loss_count": 26, "total_profit": -17.197842382194132}