{"cash": 490.73713692335446, "trade_count": 75, "win_count": 9, "loss_count": 66, "total_profit": -9.262863076646163}