{"cash": 490.97069224346154, "trade_count": 124, "win_count": 45, "loss_count": 79, "total_profit": -53.143330097523766}