{"cash": 376.20481703533096, "trade_count": 69, "win_count": 27, "loss_count": 42, "total_profit": -15.043762391970693}