{"cash": 488.7187108608165, "trade_count": 91, "win_count": 10, "loss_count": 81, "total_profit": -11.281289139184128}