{"cash": 485.96177065998836, "trade_count": 115, "win_count": 13, "loss_count": 102, "total_profit": -14.03822934001212}