{"cash": 321.9051101456736, "trade_count": 67, "win_count": 26, "loss_count": 41, "total_profit": -14.814304210389455}