{"cash": 486.4096790328267, "trade_count": 113, "win_count": 13, "loss_count": 100, "total_profit": -13.590320967173788}