{"cash": 721.6356430023465, "trade_count": 96, "win_count": 32, "loss_count": 64, "total_profit": -43.26137706348335}