{"cash": 318.4850662311561, "trade_count": 77, "win_count": 29, "loss_count": 48, "total_profit": -23.093038796230456}