{"cash": 488.9925832374522, "trade_count": 84, "win_count": 9, "loss_count": 75, "total_profit": -11.007416762548477}