{"cash": 265.4993227464105, "trade_count": 36, "win_count": 13, "loss_count": 23, "total_profit": -18.799919723680432}