{"cash": 319.91156553851334, "trade_count": 126, "win_count": 46, "loss_count": 80, "total_profit": -53.36156043776862}