{"cash": 223.77906514151059, "trade_count": 7, "win_count": 2, "loss_count": 5, "total_profit": -2.5772640838074428}