{"cash": 376.47452344406844, "trade_count": 122, "win_count": 44, "loss_count": 78, "total_profit": -51.58532807278541}