{"cash": 287.12976621839744, "trade_count": 29, "win_count": 12, "loss_count": 17, "total_profit": -15.411718014018076}