{"cash": 252.63788497014485, "trade_count": 16, "win_count": 7, "loss_count": 9, "total_profit": -12.560136708201817}