{"cash": 222.87527285971535, "trade_count": 9, "win_count": 3, "loss_count": 6, "total_profit": -11.034784722922778}