{"cash": 217.77449485877617, "trade_count": 22, "win_count": 8, "loss_count": 14, "total_profit": -15.66722945677035}