{"cash": 628.1265634467081, "trade_count": 94, "win_count": 32, "loss_count": 62, "total_profit": -38.952278583220156}