{"cash": 295.16345645771355, "trade_count": 132, "win_count": 47, "loss_count": 85, "total_profit": -55.14238157615082}