{"cash": 376.93571168817044, "trade_count": 87, "win_count": 29, "loss_count": 58, "total_profit": -31.679937289400538}