{"cash": 201.64747408876164, "trade_count": 10, "win_count": 4, "loss_count": 6, "total_profit": -10.809661700791787}