{"cash": 492.7519146392027, "trade_count": 61, "win_count": 8, "loss_count": 53, "total_profit": -7.248085360797809}