{"cash": 318.10066031490874, "trade_count": 128, "win_count": 46, "loss_count": 82, "total_profit": -53.50114154956521}