{"cash": 497.4533063757941, "trade_count": 21, "win_count": 3, "loss_count": 18, "total_profit": -2.5466936242063873}