{"cash": 257.4634902680103, "trade_count": 42, "win_count": 15, "loss_count": 27, "total_profit": -17.501100789930163}