{"cash": 321.764025257011, "trade_count": 56, "win_count": 21, "loss_count": 35, "total_profit": -19.245498870194687}