{"cash": 274.121060603485, "trade_count": 34, "win_count": 12, "loss_count": 22, "total_profit": -19.186652444107438}