{"cash": 297.29327419655027, "trade_count": 113, "win_count": 39, "loss_count": 74, "total_profit": -49.07721091467288}