{"cash": 496.2665543184935, "trade_count": 30, "win_count": 4, "loss_count": 26, "total_profit": -3.7334456815072024}