{"cash": 217.2585294330124, "trade_count": 14, "win_count": 6, "loss_count": 8, "total_profit": -11.319683248077432}