{"cash": 491.9729259530326, "trade_count": 65, "win_count": 8, "loss_count": 57, "total_profit": -8.027074046968025}