{"cash": 297.70294218569836, "trade_count": 45, "win_count": 17, "loss_count": 28, "total_profit": -15.291530240875032}