{"cash": 488.44884747384924, "trade_count": 96, "win_count": 11, "loss_count": 85, "total_profit": -11.55115252615137}