{"cash": 320.2732531370625, "trade_count": 58, "win_count": 21, "loss_count": 37, "total_profit": -20.99477515175085}