{"cash": 324.6111515673315, "trade_count": 63, "win_count": 24, "loss_count": 39, "total_profit": -15.788375922461261}