{"cash": 372.0030805571069, "trade_count": 56, "win_count": 21, "loss_count": 35, "total_profit": -19.245498870194687}