{"cash": 325.92179559708524, "trade_count": 70, "win_count": 28, "loss_count": 42, "total_profit": -10.042004664157764}