{"cash": 372.95005418414286, "trade_count": 55, "win_count": 21, "loss_count": 34, "total_profit": -18.298525243158725}