{"cash": 496.8114390495184, "trade_count": 24, "win_count": 3, "loss_count": 21, "total_profit": -3.188560950482209}