{"cash": 488.55956771367755, "trade_count": 86, "win_count": 9, "loss_count": 77, "total_profit": -11.440432286323077}