{"cash": 260.69960977604023, "trade_count": 118, "win_count": 41, "loss_count": 77, "total_profit": -52.961162728635216}