{"cash": 426.93522068024123, "trade_count": 91, "win_count": 30, "loss_count": 61, "total_profit": -41.00718972723967}