{"cash": 492.7519146392027, "trade_count": 60, "win_count": 8, "loss_count": 52, "total_profit": -7.248085360797809}