{"cash": 311.52365931379103, "trade_count": 31, "win_count": 12, "loss_count": 19, "total_profit": -16.056507713415645}