{"cash": 496.44839141178113, "trade_count": 26, "win_count": 3, "loss_count": 23, "total_profit": -3.551608588219544}