{"cash": 321.17941641079904, "trade_count": 73, "win_count": 28, "loss_count": 45, "total_profit": -19.931480567183964}