{"cash": 205.99658689304715, "trade_count": 5, "win_count": 1, "loss_count": 4, "total_profit": -3.039117209922439}