{"cash": 498.29588841329314, "trade_count": 17, "win_count": 3, "loss_count": 14, "total_profit": -1.7041115867072598}