{"cash": 325.28182541412195, "trade_count": 62, "win_count": 24, "loss_count": 38, "total_profit": -15.117702075670785}