{"cash": 406.71682728164814, "trade_count": 86, "win_count": 29, "loss_count": 57, "total_profit": -30.723209150343898}