{"cash": 253.39285359183467, "trade_count": 27, "win_count": 11, "loss_count": 16, "total_profit": -15.267136880606879}