{"cash": 492.3166727977109, "trade_count": 63, "win_count": 8, "loss_count": 55, "total_profit": -7.683327202289647}