{"cash": 495.8072095602714, "trade_count": 37, "win_count": 6, "loss_count": 31, "total_profit": -4.192790439729208}