{"cash": 491.34481967862723, "trade_count": 72, "win_count": 9, "loss_count": 63, "total_profit": -8.655180321373383}