{"cash": 756.0019628307447, "trade_count": 97, "win_count": 33, "loss_count": 64, "total_profit": -43.20112051206009}