{"cash": 225.7595096130331, "trade_count": 18, "win_count": 8, "loss_count": 10, "total_profit": -12.959298565071496}