{"cash": 355.62527093529275, "trade_count": 114, "win_count": 39, "loss_count": 75, "total_profit": -49.079423267345355}