{"cash": 266.03502243853865, "trade_count": 109, "win_count": 38, "loss_count": 71, "total_profit": -49.009607592665574}