{"cash": 267.5486427778144, "trade_count": 35, "win_count": 12, "loss_count": 23, "total_profit": -19.78097245531462}