{"cash": 307.85045866183304, "trade_count": 119, "win_count": 41, "loss_count": 78, "total_profit": -52.98892029273596}