{"cash": 310.5025854850141, "trade_count": 38, "win_count": 14, "loss_count": 24, "total_profit": -17.07758154219263}