{"cash": 308.1382476508606, "trade_count": 51, "win_count": 19, "loss_count": 32, "total_profit": -17.160672507150995}