{"cash": 499.90718571147795, "trade_count": 7, "win_count": 2, "loss_count": 5, "total_profit": -0.09281428852225915}