{"cash": 341.71195069397595, "trade_count": 53, "win_count": 21, "loss_count": 32, "total_profit": -17.053749885994577}