{"cash": 227.09830226373427, "trade_count": 17, "win_count": 7, "loss_count": 10, "total_profit": -13.068596884627693}