{"cash": 427.18319434400945, "trade_count": 125, "win_count": 45, "loss_count": 80, "total_profit": -53.36156043776862}