{"cash": 286.71084092565394, "trade_count": 30, "win_count": 12, "loss_count": 18, "total_profit": -15.8306433067616}