{"cash": 256.9032250526566, "trade_count": 112, "win_count": 39, "loss_count": 73, "total_profit": -48.992089630913355}