{"cash": 488.0534519142549, "trade_count": 101, "win_count": 13, "loss_count": 88, "total_profit": -11.946548085745803}