{"cash": 257.6422196756026, "trade_count": 48, "win_count": 17, "loss_count": 31, "total_profit": -17.229117519402298}