{"cash": 230.59339818475885, "trade_count": 109, "win_count": 38, "loss_count": 71, "total_profit": -49.009607592665574}