{"cash": 374.99441066266473, "trade_count": 64, "win_count": 24, "loss_count": 40, "total_profit": -16.25416876463692}