{"cash": 325.77568384864867, "trade_count": 68, "win_count": 27, "loss_count": 41, "total_profit": -14.538207172054072}