{"cash": 573.5985578449513, "trade_count": 93, "win_count": 32, "loss_count": 61, "total_profit": -37.75204164777351}