{"cash": 601.4347289574413, "trade_count": 104, "win_count": 37, "loss_count": 67, "total_profit": -41.1040163047579}