{"cash": 381.6387052476135, "trade_count": 129, "win_count": 46, "loss_count": 83, "total_profit": -53.532364176067766}