{"cash": 303.2895006415732, "trade_count": 134, "win_count": 48, "loss_count": 86, "total_profit": -54.17401863877442}