{"cash": 488.44884747384924, "trade_count": 95, "win_count": 11, "loss_count": 84, "total_profit": -11.55115252615137}