{"cash": 351.99657664274275, "trade_count": 85, "win_count": 29, "loss_count": 56, "total_profit": -29.413415916965846}