{"cash": 253.04814825077526, "trade_count": 28, "win_count": 11, "loss_count": 17, "total_profit": -15.611842221666274}