{"cash": 221.56680066733094, "trade_count": 19, "win_count": 8, "loss_count": 11, "total_profit": -13.2139362299084}