{"cash": 496.10854870051594, "trade_count": 29, "win_count": 3, "loss_count": 26, "total_profit": -3.8914512994847286}