{"cash": 262.6533518397346, "trade_count": 50, "win_count": 18, "loss_count": 32, "total_profit": -17.160672507150995}