{"cash": 212.70757992270703, "trade_count": 6, "win_count": 2, "loss_count": 4, "total_profit": -2.4601197103387062}