{"cash": 197.83659006492422, "trade_count": 9, "win_count": 3, "loss_count": 6, "total_profit": -11.034784722922778}