{"cash": 496.04339964361634, "trade_count": 33, "win_count": 5, "loss_count": 28, "total_profit": -3.9566003563843104}