{"cash": 435.3167532704597, "trade_count": 89, "win_count": 30, "loss_count": 59, "total_profit": -32.62565713702122}