{"cash": 365.07164948501713, "trade_count": 80, "win_count": 29, "loss_count": 51, "total_profit": -26.17692994228453}