{"cash": 741.8056863828793, "trade_count": 101, "win_count": 36, "loss_count": 65, "total_profit": -41.631697592468754}