{"cash": 306.81038146110797, "trade_count": 116, "win_count": 40, "loss_count": 76, "total_profit": -52.99758688011964}