{"cash": 546.6246150739265, "trade_count": 92, "win_count": 31, "loss_count": 61, "total_profit": -38.38610102730788}