{"cash": 411.5125889818049, "trade_count": 123, "win_count": 45, "loss_count": 78, "total_profit": -51.58532807278541}