{"cash": 486.41705890361976, "trade_count": 118, "win_count": 15, "loss_count": 103, "total_profit": -13.58294109638074}