{"cash": 340.8561918499535, "trade_count": 54, "win_count": 21, "loss_count": 33, "total_profit": -17.909508730017034}