{"cash": 487.8274908731639, "trade_count": 105, "win_count": 13, "loss_count": 92, "total_profit": -12.172509126836623}