{"cash": 427.3721359435338, "trade_count": 124, "win_count": 45, "loss_count": 79, "total_profit": -53.143330097523766}