{"cash": 326.54698981014064, "trade_count": 61, "win_count": 24, "loss_count": 37, "total_profit": -13.633154544488443}