{"cash": 486.1993003511998, "trade_count": 114, "win_count": 13, "loss_count": 101, "total_profit": -13.800699648800716}