{"cash": 362.9732679258258, "trade_count": 90, "win_count": 30, "loss_count": 60, "total_profit": -36.23765635858233}