{"cash": 342.62265519241305, "trade_count": 46, "win_count": 17, "loss_count": 29, "total_profit": -16.143045387557557}