{"cash": 497.0540453341764, "trade_count": 23, "win_count": 3, "loss_count": 20, "total_profit": -2.9459546658241713}