{"cash": 268.6364113647623, "trade_count": 114, "win_count": 39, "loss_count": 75, "total_profit": -49.079423267345355}