{"cash": 322.49465156224164, "trade_count": 60, "win_count": 23, "loss_count": 37, "total_profit": -14.113858962981801}