{"cash": 489.3153966161706, "trade_count": 82, "win_count": 9, "loss_count": 73, "total_profit": -10.684603383830108}