{"cash": 256.54824978315725, "trade_count": 111, "win_count": 39, "loss_count": 72, "total_profit": -48.94350618436945}