{"cash": 269.85316754783804, "trade_count": 38, "win_count": 14, "loss_count": 24, "total_profit": -17.07758154219263}