{"cash": 230.8493878424675, "trade_count": 49, "win_count": 18, "loss_count": 31, "total_profit": -16.54211891239053}