{"cash": 322.0208312527441, "trade_count": 131, "win_count": 46, "loss_count": 85, "total_profit": -55.14238157615082}