{"cash": 500.41024076578253, "trade_count": 4, "win_count": 2, "loss_count": 2, "total_profit": 0.4102407657824294}