{"cash": 318.1656337587338, "trade_count": 127, "win_count": 46, "loss_count": 81, "total_profit": -53.41262509538461}