{"cash": 402.901299890442, "trade_count": 108, "win_count": 37, "loss_count": 71, "total_profit": -49.030403646989384}