{"cash": 488.55956771367755, "trade_count": 87, "win_count": 9, "loss_count": 78, "total_profit": -11.440432286323077}