{"cash": 365.897684412993, "trade_count": 79, "win_count": 29, "loss_count": 50, "total_profit": -25.350895014308705}