{"cash": 495.6871060865094, "trade_count": 38, "win_count": 6, "loss_count": 32, "total_profit": -4.312893913491219}