{"cash": 342.04849930389383, "trade_count": 47, "win_count": 17, "loss_count": 30, "total_profit": -16.717201276076757}