{"cash": 216.43202426290918, "trade_count": 12, "win_count": 5, "loss_count": 7, "total_profit": -11.103710157379446}