{"cash": 201.39943680064778, "trade_count": 11, "win_count": 4, "loss_count": 7, "total_profit": -11.103710157379446}