{"cash": 370.2538042755507, "trade_count": 58, "win_count": 21, "loss_count": 37, "total_profit": -20.99477515175085}