{"cash": 209.40792009383875, "trade_count": 3, "win_count": 0, "loss_count": 3, "total_profit": -3.0498196462810605}