{"cash": 324.3133032469697, "trade_count": 64, "win_count": 24, "loss_count": 40, "total_profit": -16.25416876463692}