{"cash": 220.1825623868681, "trade_count": 1, "win_count": 0, "loss_count": 1, "total_profit": -2.4262023217247046}