{"cash": 324.53257505702277, "trade_count": 66, "win_count": 25, "loss_count": 41, "total_profit": -15.996874593779339}