{"cash": 487.85846980748863, "trade_count": 104, "win_count": 13, "loss_count": 91, "total_profit": -12.141530192511961}