{"cash": 319.50767802835395, "trade_count": 59, "win_count": 22, "loss_count": 37, "total_profit": -17.66273840918497}