{"cash": 310.0772380916304, "trade_count": 33, "win_count": 12, "loss_count": 21, "total_profit": -17.502928935576303}