{"cash": 353.38090610231484, "trade_count": 83, "win_count": 29, "loss_count": 54, "total_profit": -27.916052407080294}