{"cash": 371.42562015135866, "trade_count": 57, "win_count": 21, "loss_count": 36, "total_profit": -19.82295927594292}