{"cash": 488.78739217949783, "trade_count": 90, "win_count": 10, "loss_count": 80, "total_profit": -11.212607820502807}