{"cash": 341.77228471359973, "trade_count": 40, "win_count": 15, "loss_count": 25, "total_profit": -16.99341586637094}