{"cash": 522.3890699208725, "trade_count": 103, "win_count": 37, "loss_count": 66, "total_profit": -40.72091941120426}