{"cash": 496.1673031070965, "trade_count": 28, "win_count": 3, "loss_count": 25, "total_profit": -3.8326968929042344}