{"cash": 389.9215691028394, "trade_count": 102, "win_count": 36, "loss_count": 66, "total_profit": -42.316913396963685}