{"cash": 496.3414046178947, "trade_count": 31, "win_count": 5, "loss_count": 26, "total_profit": -3.6585953821060038}