{"cash": 409.5239840249117, "trade_count": 83, "win_count": 29, "loss_count": 54, "total_profit": -27.916052407080294}