{"cash": 493.24860729574834, "trade_count": 58, "win_count": 8, "loss_count": 50, "total_profit": -6.751392704252236}