{"cash": 495.42242042068244, "trade_count": 42, "win_count": 6, "loss_count": 36, "total_profit": -4.577579579318101}