{"cash": 305.5294497390996, "trade_count": 44, "win_count": 17, "loss_count": 27, "total_profit": -14.879087625657684}