{"cash": 481.7079413539649, "trade_count": 83, "win_count": 29, "loss_count": 54, "total_profit": -27.916052407080294}