{"cash": 435.92009900490325, "trade_count": 130, "win_count": 46, "loss_count": 84, "total_profit": -53.71730929960197}