{"cash": 491.38593809967983, "trade_count": 71, "win_count": 9, "loss_count": 62, "total_profit": -8.614061900320753}