{"cash": 488.22598433803387, "trade_count": 97, "win_count": 11, "loss_count": 86, "total_profit": -11.774015661966786}