{"cash": 643.1248304465328, "trade_count": 1, "win_count": 0, "loss_count": 1, "total_profit": -2.4262023217247046}