{"cash": 370.44513916534686, "trade_count": 74, "win_count": 28, "loss_count": 46, "total_profit": -20.803440261954727}