{"cash": 500.5002497666826, "trade_count": 3, "win_count": 2, "loss_count": 1, "total_profit": 0.5002497666825185}