{"cash": 232.33647028453757, "trade_count": 5, "win_count": 1, "loss_count": 4, "total_profit": -3.039117209922439}