{"cash": 213.62001933881305, "trade_count": 15, "win_count": 6, "loss_count": 9, "total_profit": -12.560136708201817}