{"cash": 296.48795364792085, "trade_count": 47, "win_count": 17, "loss_count": 30, "total_profit": -16.717201276076757}