sym,ts,ret_5,ret_15,vol_15,slope_15,dd_15,score,label
SYND-USD,1772405097,0.003272,0.045455,0.010668,0.003709,-0.019190,6,0
CELR-USD,1772405337,-0.007722,0.015810,0.006799,0.001673,-0.011538,5,0
SD-USD,1772405572,-0.013620,-0.012204,0.003569,0.000068,-0.013620,5,0
