sym,ts,ret_5,ret_15,vol_15,slope_15,dd_15,score,label
SYND-USD,1772405097,0.003272,0.045455,0.010668,0.003709,-0.019190,6,0
CELR-USD,1772405337,-0.007722,0.015810,0.006799,0.001673,-0.011538,5,0
SD-USD,1772405572,-0.013620,-0.012204,0.003569,0.000068,-0.013620,5,0
CELR-USD,1772405974,-0.003922,-0.011673,0.002110,-0.000642,-0.011673,5,0
ARB-USD,1772407013,-0.002004,-0.004995,0.001086,-0.000377,-0.008955,5,1
MAMO-USD,1772407107,-0.007310,-0.012364,0.002146,-0.000489,-0.012364,5,1
AVNT-USD,1772407690,-0.005821,-0.005821,0.001452,-0.000084,-0.005821,5,0
