sym,ts,ret_5,ret_15,vol_15,slope_15,dd_15,score,label
SYND-USD,1772405097,0.003272,0.045455,0.010668,0.003709,-0.019190,6,0
