{"ZEC-USD": {"entry": 219.56, "qty": 0.31088761322849984, "stop": 212.9732, "peak": 219.56, "opened_ts": 1772570804, "score": 5, "reason": "r15=0.004 r60=0.005 vR=0.68 macdH=0.0398 macdX=0 emaX=1 slope=0.00006", "trail_dist": null}, "ALEO-USD": {"entry": 0.0689, "qty": 915.8391522341578, "stop": 0.066833, "peak": 0.0689, "opened_ts": 1772570980, "score": 5, "reason": "r15=0.003 r60=0.001 vR=3.66 macdH=0.0000 macdX=0 emaX=1 slope=0.00007", "trail_dist": null}}