{"ARPA-USD": {"entry": 0.0096, "qty": 2604.166666666667, "peak": 0.0097, "stop": 0.009215999999999998}, "UMA-USD": {"entry": 0.43, "qty": 58.139534883720934, "peak": 0.433, "stop": 0.4128}, "QNT-USD": {"entry": 63.88, "qty": 0.3913587977457733, "peak": 64.28, "stop": 61.3248}, "SUI-USD": {"entry": 0.9332, "qty": 26.789541363051864, "peak": 0.9362, "stop": 0.895872}, "OGN-USD": {"entry": 0.02043, "qty": 1223.6906510034264, "peak": 0.02044, "stop": 0.0196128}, "CRO-USD": {"entry": 0.07684, "qty": 325.351379489849, "peak": 0.07699, "stop": 0.0737664}, "RAD-USD": {"entry": 0.233, "qty": 107.29613733905579, "peak": 0.233, "stop": 0.22368000000000002}, "ILV-USD": {"entry": 3.75, "qty": 6.666666666666667, "peak": 3.76, "stop": 3.5999999999999996}, "OMNI-USD": {"entry": 0.813, "qty": 30.75030750307503, "peak": 0.813, "stop": 0.78048}, "SAND-USD": {"entry": 0.0858, "qty": 291.3752913752914, "peak": 0.0861, "stop": 0.082368}, "REZ-USD": {"entry": 0.00289, "qty": 8650.519031141868, "peak": 0.00289, "stop": 0.0027744}, "MORPHO-USD": {"entry": 1.74, "qty": 14.367816091954023, "peak": 1.7439, "stop": 1.6703999999999999}, "TOWNS-USD": {"entry": 0.00344, "qty": 7267.441860465116, "peak": 0.00344, "stop": 0.0033023999999999996}, "JTO-USD": {"entry": 0.273, "qty": 91.57509157509156, "peak": 0.2739, "stop": 0.26208000000000004}, "SPK-USD": {"entry": 0.01971, "qty": 1268.3916793505837, "peak": 0.0198, "stop": 0.018921599999999997}, "EIGEN-USD": {"entry": 0.188, "qty": 132.9787234042553, "peak": 0.189, "stop": 0.18048}, "SENT-USD": {"entry": 0.02184, "qty": 1144.6886446886447, "peak": 0.02186, "stop": 0.020966399999999996}, "PROVE-USD": {"entry": 0.3029, "qty": 82.53549026081215, "peak": 0.3032, "stop": 0.290784}, "MON-USD": {"entry": 0.02222, "qty": 1125.1125112511252, "peak": 0.02236, "stop": 0.021331199999999998}, "MANA-USD": {"entry": 0.0986, "qty": 253.54969574036514, "peak": 0.0986, "stop": 0.09465599999999999}}