{"ARPA-USD": {"entry": 0.0096, "qty": 2604.166666666667, "peak": 0.0098, "stop": 0.009215999999999998}, "UMA-USD": {"entry": 0.43, "qty": 58.139534883720934, "peak": 0.434, "stop": 0.4128}, "QNT-USD": {"entry": 63.88, "qty": 0.3913587977457733, "peak": 64.29, "stop": 61.3248}, "OGN-USD": {"entry": 0.02043, "qty": 1223.6906510034264, "peak": 0.02044, "stop": 0.0196128}, "CRO-USD": {"entry": 0.07684, "qty": 325.351379489849, "peak": 0.07699, "stop": 0.0737664}, "RAD-USD": {"entry": 0.233, "qty": 107.29613733905579, "peak": 0.235, "stop": 0.22368000000000002}, "ILV-USD": {"entry": 3.75, "qty": 6.666666666666667, "peak": 3.76, "stop": 3.5999999999999996}, "OMNI-USD": {"entry": 0.813, "qty": 30.75030750307503, "peak": 0.825, "stop": 0.78048}, "SAND-USD": {"entry": 0.0858, "qty": 291.3752913752914, "peak": 0.0861, "stop": 0.082368}, "REZ-USD": {"entry": 0.00289, "qty": 8650.519031141868, "peak": 0.0029, "stop": 0.0027744}, "MORPHO-USD": {"entry": 1.74, "qty": 14.367816091954023, "peak": 1.7439, "stop": 1.6703999999999999}, "TOWNS-USD": {"entry": 0.00344, "qty": 7267.441860465116, "peak": 0.00345, "stop": 0.0033023999999999996}, "JTO-USD": {"entry": 0.273, "qty": 91.57509157509156, "peak": 0.2739, "stop": 0.26208000000000004}, "SPK-USD": {"entry": 0.01971, "qty": 1268.3916793505837, "peak": 0.0198, "stop": 0.018921599999999997}, "EIGEN-USD": {"entry": 0.188, "qty": 132.9787234042553, "peak": 0.189, "stop": 0.18048}, "PROVE-USD": {"entry": 0.3029, "qty": 82.53549026081215, "peak": 0.3078, "stop": 0.290784}, "MON-USD": {"entry": 0.02214, "qty": 1129.177958446251, "peak": 0.02224, "stop": 0.0212544}, "SUI-USD": {"entry": 0.9277, "qty": 26.948366928964106, "peak": 0.9287, "stop": 0.8905919999999999}, "MANA-USD": {"entry": 0.0981, "qty": 254.84199796126398, "peak": 0.0981, "stop": 0.09417600000000001}, "SENT-USD": {"entry": 0.02164, "qty": 1155.268022181146, "peak": 0.02164, "stop": 0.0207744}}