{"ARPA-USD": {"entry": 0.0095, "qty": 2631.5789473684213, "peak": 0.0095, "stop": 0.00912}, "JTO-USD": {"entry": 0.2653, "qty": 94.23294383716548, "peak": 0.2678, "stop": 0.25468799999999997}, "MORPHO-USD": {"entry": 1.6996, "qty": 14.709343374911745, "peak": 1.7105, "stop": 1.631616}, "EIGEN-USD": {"entry": 0.184, "qty": 135.8695652173913, "peak": 0.186, "stop": 0.17664}, "MANA-USD": {"entry": 0.0959, "qty": 260.6882168925965, "peak": 0.0969, "stop": 0.092064}, "SPK-USD": {"entry": 0.01921, "qty": 1301.405517959396, "peak": 0.0195, "stop": 0.0184416}, "RAD-USD": {"entry": 0.23, "qty": 108.69565217391303, "peak": 0.234, "stop": 0.2208}, "REZ-USD": {"entry": 0.00281, "qty": 8896.79715302491, "peak": 0.00282, "stop": 0.0026976}, "UMA-USD": {"entry": 0.421, "qty": 59.38242280285036, "peak": 0.423, "stop": 0.40415999999999996}, "ILV-USD": {"entry": 3.63, "qty": 6.887052341597796, "peak": 3.63, "stop": 3.4848}, "PROVE-USD": {"entry": 0.2969, "qty": 84.20343550016841, "peak": 0.2971, "stop": 0.285024}, "OGN-USD": {"entry": 0.01967, "qty": 1270.9710218607015, "peak": 0.01969, "stop": 0.0188832}, "SUI-USD": {"entry": 0.8996, "qty": 27.790128946198312, "peak": 0.9027, "stop": 0.8636159999999999}, "TOWNS-USD": {"entry": 0.00333, "qty": 7507.507507507507, "peak": 0.00333, "stop": 0.0031968}, "OMNI-USD": {"entry": 0.807, "qty": 30.978934324659228, "peak": 0.814, "stop": 0.7747200000000001}, "CRO-USD": {"entry": 0.0756, "qty": 330.6878306878307, "peak": 0.0756, "stop": 0.072576}, "SENT-USD": {"entry": 0.02109, "qty": 1185.3959222380274, "peak": 0.02109, "stop": 0.0202464}, "QNT-USD": {"entry": 62.79, "qty": 0.39815257206561555, "peak": 62.79, "stop": 60.2784}, "MON-USD": {"entry": 0.02139, "qty": 1168.770453482936, "peak": 0.02139, "stop": 0.020534399999999998}, "SAND-USD": {"entry": 0.0835, "qty": 299.4011976047904, "peak": 0.0835, "stop": 0.08016}}