{"MOG-USD": {"entry": 1.6e-07, "qty": 857638888.888889, "stop": 1.5856e-07, "peak": 1.6e-07, "opened_ts": 1772405058, "score": 5, "score_reason": "drift=0.000 mom=0.000 vol=0.0000 dd=0.000"}, "SUPER-USD": {"entry": 0.11166, "qty": 1048.435479972716, "stop": 0.11065506, "peak": 0.11166, "opened_ts": 1772405097, "score": 5, "score_reason": "drift=-0.002 mom=0.000 vol=0.0010 dd=-0.002"}, "AVNT-USD": {"entry": 0.171, "qty": 585.7218673436657, "stop": 0.1697583, "peak": 0.1713, "opened_ts": 1772405117, "score": 5, "score_reason": "drift=0.005 mom=0.000 vol=0.0012 dd=0.000"}, "CTX-USD": {"entry": 0.5712, "qty": 150.0194488662085, "stop": 0.5660592, "peak": 0.5712, "opened_ts": 1772405137, "score": 5, "score_reason": "drift=0.000 mom=0.000 vol=0.0000 dd=0.000"}, "BLZ-USD": {"entry": 0.0122, "qty": 6009.303650103032, "stop": 0.0121893, "peak": 0.0123, "opened_ts": 1772405157, "score": 5, "score_reason": "drift=0.000 mom=0.000 vol=0.0000 dd=0.000"}, "C98-USD": {"entry": 0.0259, "qty": 2421.7674169484294, "stop": 0.025765999999999997, "peak": 0.026, "opened_ts": 1772405177, "score": 5, "score_reason": "drift=0.004 mom=0.000 vol=0.0006 dd=0.000"}, "ARB-USD": {"entry": 0.099, "qty": 542.0573243120373, "stop": 0.0986045, "peak": 0.0995, "opened_ts": 1772405196, "score": 5, "score_reason": "drift=0.005 mom=0.000 vol=0.0012 dd=-0.001"}, "XYO-USD": {"entry": 0.00409, "qty": 9604.030598833675, "stop": 0.00405319, "peak": 0.00409, "opened_ts": 1772405235, "score": 5, "score_reason": "drift=0.012 mom=0.005 vol=0.0036 dd=-0.005"}, "MAMO-USD": {"entry": 0.01335, "qty": 2517.380432972759, "stop": 0.01328931, "peak": 0.01341, "opened_ts": 1772405256, "score": 5, "score_reason": "drift=-0.007 mom=0.000 vol=0.0012 dd=-0.007"}, "DBR-USD": {"entry": 0.01528, "qty": 2040.9380597358606, "stop": 0.01514248, "peak": 0.01528, "opened_ts": 1772405337, "score": 5, "score_reason": "drift=0.000 mom=0.000 vol=0.0000 dd=0.000"}, "SUKU-USD": {"entry": 0.0073, "qty": 3655.243314367538, "stop": 0.0072343, "peak": 0.0073, "opened_ts": 1772405357, "score": 5, "score_reason": "drift=0.000 mom=0.000 vol=0.0000 dd=0.000"}, "FUN1-USD": {"entry": 0.04893, "qty": 549.8437580785284, "stop": 0.04848963, "peak": 0.04893, "opened_ts": 1772405974, "score": 5, "score_reason": "drift=0.000 mom=0.000 vol=0.0000 dd=0.000"}}