{"MOG-USD": {"entry": 1.6e-07, "qty": 857638888.888889, "stop": 1.5856e-07, "peak": 1.6e-07, "opened_ts": 1772405058, "score": 5, "score_reason": "drift=0.000 mom=0.000 vol=0.0000 dd=0.000"}, "SUPER-USD": {"entry": 0.11166, "qty": 1048.435479972716, "stop": 0.11065506, "peak": 0.11166, "opened_ts": 1772405097, "score": 5, "score_reason": "drift=-0.002 mom=0.000 vol=0.0010 dd=-0.002"}, "AVNT-USD": {"entry": 0.171, "qty": 585.7218673436657, "stop": 0.16416, "peak": 0.171, "opened_ts": 1772405117, "score": 5, "score_reason": "drift=0.005 mom=0.000 vol=0.0012 dd=0.000"}}