{"APE-USD": {"entry": 0.106, "qty": 235.8490566037736, "peak": 0.106, "stop": 0.10175999999999999}, "WIF-USD": {"entry": 0.198, "qty": 126.26262626262626, "peak": 0.198, "stop": 0.19008}, "GTC-USD": {"entry": 0.0873, "qty": 286.368843069874, "peak": 0.0873, "stop": 0.083808}, "TRAC-USD": {"entry": 0.332, "qty": 75.3012048192771, "peak": 0.332, "stop": 0.31872}, "LRC-USD": {"entry": 0.0318, "qty": 786.1635220125786, "peak": 0.0318, "stop": 0.030528}, "GFI-USD": {"entry": 0.133, "qty": 187.96992481203006, "peak": 0.133, "stop": 0.12768000000000002}, "BTRST-USD": {"entry": 0.131, "qty": 190.83969465648855, "peak": 0.131, "stop": 0.12576}, "ETC-USD": {"entry": 8.79, "qty": 2.8441410693970424, "peak": 8.79, "stop": 8.4384}, "CELR-USD": {"entry": 0.00262, "qty": 9541.984732824427, "peak": 0.00262, "stop": 0.0025152}, "AURORA-USD": {"entry": 0.028, "qty": 892.8571428571429, "peak": 0.028, "stop": 0.02688}, "OP-USD": {"entry": 0.124, "qty": 201.61290322580646, "peak": 0.124, "stop": 0.11903999999999999}, "ALEO-USD": {"entry": 0.0767, "qty": 325.94524119947846, "peak": 0.0767, "stop": 0.073632}, "FIGHT-USD": {"entry": 0.00636, "qty": 3930.817610062893, "peak": 0.00636, "stop": 0.0061056}, "RENDER-USD": {"entry": 1.425, "qty": 17.543859649122805, "peak": 1.425, "stop": 1.3679999999999999}, "POPCAT-USD": {"entry": 0.0484, "qty": 516.5289256198347, "peak": 0.0484, "stop": 0.046464}, "DIA-USD": {"entry": 0.18739, "qty": 133.41160147286408, "peak": 0.18739, "stop": 0.17989439999999998}, "MNDE-USD": {"entry": 0.02264, "qty": 1104.2402826855123, "peak": 0.02264, "stop": 0.0217344}, "COOKIE-USD": {"entry": 0.01828, "qty": 1367.6148796498906, "peak": 0.01828, "stop": 0.0175488}, "RAY-USD": {"entry": 0.6199, "qty": 40.32908533634457, "peak": 0.6199, "stop": 0.595104}, "NEON-USD": {"entry": 0.03127, "qty": 799.488327470419, "peak": 0.03127, "stop": 0.0300192}}