{"ZEC-USD": {"entry": 219.56, "qty": 0.31088761322849984, "stop": 212.9732, "peak": 219.56, "opened_ts": 1772570804, "score": 5, "reason": "r15=0.004 r60=0.005 vR=0.68 macdH=0.0398 macdX=0 emaX=1 slope=0.00006", "trail_dist": null}}