{"ZEC-USD": {"entry": 219.56, "qty": 0.31088761322849984, "stop": 219.77955999999998, "peak": 220.35, "opened_ts": 1772570804, "score": 5, "reason": "r15=0.004 r60=0.005 vR=0.68 macdH=0.0398 macdX=0 emaX=1 slope=0.00006", "trail_dist": null}, "ALEO-USD": {"entry": 0.0689, "qty": 915.8391522341578, "stop": 0.0689689, "peak": 0.0695, "opened_ts": 1772570980, "score": 5, "reason": "r15=0.003 r60=0.001 vR=3.66 macdH=0.0000 macdX=0 emaX=1 slope=0.00007", "trail_dist": null}, "YFI-USD": {"entry": 2636.75, "qty": 0.022123526724723605, "stop": 2639.3867499999997, "peak": 2648.77, "opened_ts": 1772571108, "score": 5, "reason": "r15=0.002 r60=0.004 vR=0.68 macdH=0.3615 macdX=0 emaX=1 slope=-0.00002", "trail_dist": null}, "SHIB-USD": {"entry": 5.45e-06, "qty": 9894887.125410426, "stop": 5.47032e-06, "peak": 5.52e-06, "opened_ts": 1772571140, "score": 5, "reason": "r15=0.002 r60=-0.013 vR=0.00 macdH=0.0000 macdX=0 emaX=1 slope=-0.00011", "trail_dist": 0.9}, "WCFG-USD": {"entry": 0.126, "qty": 750.5661041911707, "stop": 0.12159, "peak": 0.126, "opened_ts": 1772575183, "score": 7, "reason": "r15=0.024 r60=0.068 vR=0.50 macdH=0.0004 macdX=0 emaX=1 diff=0.00038 slope=0.00052", "trail_dist": null}, "BICO-USD": {"entry": 0.0208, "qty": 3895.0050618459118, "stop": 0.020072, "peak": 0.0208, "opened_ts": 1772575183, "score": 7, "reason": "r15=0.025 r60=0.035 vR=0.02 macdH=0.0000 macdX=0 emaX=1 diff=0.00000 slope=0.00077", "trail_dist": null}, "KEEP-USD": {"entry": 0.2153, "qty": 322.3585548630362, "stop": 0.2077645, "peak": 0.2153, "opened_ts": 1772575200, "score": 7, "reason": "r15=0.018 r60=0.028 vR=0.09 macdH=0.0002 macdX=0 emaX=1 diff=0.00021 slope=0.00049", "trail_dist": null}, "MORPHO-USD": {"entry": 2.002, "qty": 29.6996758447488, "stop": 1.9319299999999997, "peak": 2.005, "opened_ts": 1772576347, "score": 7, "reason": "r15=0.026 r60=0.033 vR=0.86 macdH=0.0033 macdX=0 emaX=1 diff=0.00327 slope=0.00037", "trail_dist": null}, "FIGHT-USD": {"entry": 0.00618, "qty": 8242.351918007185, "stop": 0.006233389999999999, "peak": 0.00629, "opened_ts": 1772576844, "score": 7, "reason": "r15=0.027 r60=-0.003 vR=1.26 macdH=0.0000 macdX=0 emaX=1 diff=0.00002 slope=-0.00063", "trail_dist": 0.9}, "BADGER-USD": {"entry": 0.3755, "qty": 116.20947942560224, "stop": 0.3623575, "peak": 0.3763, "opened_ts": 1772576844, "score": 7, "reason": "r15=0.012 r60=0.025 vR=2.75 macdH=0.0004 macdX=0 emaX=1 diff=0.00044 slope=0.00036", "trail_dist": null}, "DEXT-USD": {"entry": 0.1339, "qty": 315.98093651405543, "stop": 0.12921349999999998, "peak": 0.1339, "opened_ts": 1772577076, "score": 8, "reason": "r15=0.082 r60=0.078 vR=1.83 macdH=0.0003 macdX=1 emaX=1 diff=0.00031 slope=-0.00006", "trail_dist": null}, "BREV-USD": {"entry": 0.1459, "qty": 242.91723271953256, "stop": 0.1407935, "peak": 0.1459, "opened_ts": 1772578485, "score": 8, "reason": "r15=0.013 r60=0.041 vR=1.33 macdH=0.0003 macdX=0 emaX=1 diff=0.00028 slope=0.00050", "trail_dist": null}}