{"CRO-USD": {"entry": 0.07628, "qty": 327.73990561090716, "peak": 0.07631, "stop": 0.0732288}, "TOWNS-USD": {"entry": 0.00337, "qty": 7418.397626112759, "peak": 0.00337, "stop": 0.0032352}, "ARPA-USD": {"entry": 0.0095, "qty": 2631.5789473684213, "peak": 0.0095, "stop": 0.00912}, "SENT-USD": {"entry": 0.02117, "qty": 1180.9163911195087, "peak": 0.02131, "stop": 0.0203232}, "PROVE-USD": {"entry": 0.2947, "qty": 84.8320325755005, "peak": 0.2995, "stop": 0.282912}, "JTO-USD": {"entry": 0.2653, "qty": 94.23294383716548, "peak": 0.2676, "stop": 0.25468799999999997}, "SAND-USD": {"entry": 0.084, "qty": 297.6190476190476, "peak": 0.0844, "stop": 0.08064}, "MORPHO-USD": {"entry": 1.6996, "qty": 14.709343374911745, "peak": 1.7105, "stop": 1.631616}, "ILV-USD": {"entry": 3.64, "qty": 6.868131868131868, "peak": 3.67, "stop": 3.4944}, "SUI-USD": {"entry": 0.9008, "qty": 27.75310834813499, "peak": 0.9088, "stop": 0.864768}, "EIGEN-USD": {"entry": 0.184, "qty": 135.8695652173913, "peak": 0.186, "stop": 0.17664}, "QNT-USD": {"entry": 62.73, "qty": 0.3985333970986769, "peak": 63.37, "stop": 60.2208}, "OGN-USD": {"entry": 0.01977, "qty": 1264.5422357106727, "peak": 0.01985, "stop": 0.018979199999999998}, "MANA-USD": {"entry": 0.0959, "qty": 260.6882168925965, "peak": 0.0969, "stop": 0.092064}, "SPK-USD": {"entry": 0.01921, "qty": 1301.405517959396, "peak": 0.0195, "stop": 0.0184416}, "RAD-USD": {"entry": 0.23, "qty": 108.69565217391303, "peak": 0.233, "stop": 0.2208}, "REZ-USD": {"entry": 0.00281, "qty": 8896.79715302491, "peak": 0.00282, "stop": 0.0026976}, "MON-USD": {"entry": 0.02135, "qty": 1170.9601873536299, "peak": 0.02159, "stop": 0.020496}, "UMA-USD": {"entry": 0.421, "qty": 59.38242280285036, "peak": 0.421, "stop": 0.40415999999999996}, "OMNI-USD": {"entry": 0.807, "qty": 30.978934324659228, "peak": 0.807, "stop": 0.7747200000000001}}