{"ARPA-USD": {"entry": 0.0096, "qty": 2604.166666666667, "peak": 0.0098, "stop": 0.009215999999999998}, "CRO-USD": {"entry": 0.07684, "qty": 325.351379489849, "peak": 0.07699, "stop": 0.0737664}, "RAD-USD": {"entry": 0.233, "qty": 107.29613733905579, "peak": 0.235, "stop": 0.22368000000000002}, "OMNI-USD": {"entry": 0.813, "qty": 30.75030750307503, "peak": 0.825, "stop": 0.78048}, "TOWNS-USD": {"entry": 0.00344, "qty": 7267.441860465116, "peak": 0.00345, "stop": 0.0033023999999999996}, "MANA-USD": {"entry": 0.0981, "qty": 254.84199796126398, "peak": 0.0981, "stop": 0.09417600000000001}, "SENT-USD": {"entry": 0.02164, "qty": 1155.268022181146, "peak": 0.02167, "stop": 0.0207744}, "MORPHO-USD": {"entry": 1.7246, "qty": 14.496115041168968, "peak": 1.7246, "stop": 1.6556159999999998}, "ILV-USD": {"entry": 3.71, "qty": 6.738544474393531, "peak": 3.73, "stop": 3.5616}, "MON-USD": {"entry": 0.02203, "qty": 1134.8161597821152, "peak": 0.02208, "stop": 0.0211488}, "JTO-USD": {"entry": 0.2706, "qty": 92.38728750923873, "peak": 0.271, "stop": 0.259776}, "SUI-USD": {"entry": 0.9203, "qty": 27.165054873410845, "peak": 0.9239, "stop": 0.8834879999999999}, "SAND-USD": {"entry": 0.0851, "qty": 293.7720329024677, "peak": 0.0857, "stop": 0.08169599999999999}, "EIGEN-USD": {"entry": 0.187, "qty": 133.6898395721925, "peak": 0.188, "stop": 0.17951999999999999}, "UMA-USD": {"entry": 0.43, "qty": 58.139534883720934, "peak": 0.431, "stop": 0.4128}, "OGN-USD": {"entry": 0.02011, "qty": 1243.1626056688215, "peak": 0.0202, "stop": 0.0193056}, "SPK-USD": {"entry": 0.01958, "qty": 1276.8130745658837, "peak": 0.01968, "stop": 0.0187968}, "QNT-USD": {"entry": 63.45, "qty": 0.3940110323089046, "peak": 63.97, "stop": 60.912}, "REZ-USD": {"entry": 0.00287, "qty": 8710.801393728223, "peak": 0.00289, "stop": 0.0027552}, "PROVE-USD": {"entry": 0.3006, "qty": 83.16699933466401, "peak": 0.3031, "stop": 0.28857599999999994}}