{"RAD-USD": {"entry": 0.233, "qty": 107.29613733905579, "peak": 0.235, "stop": 0.22368000000000002}, "OMNI-USD": {"entry": 0.813, "qty": 30.75030750307503, "peak": 0.825, "stop": 0.78048}, "CRO-USD": {"entry": 0.07628, "qty": 327.73990561090716, "peak": 0.07631, "stop": 0.0732288}, "OGN-USD": {"entry": 0.02002, "qty": 1248.7512487512488, "peak": 0.02006, "stop": 0.0192192}, "ILV-USD": {"entry": 3.69, "qty": 6.775067750677507, "peak": 3.69, "stop": 3.5423999999999998}, "QNT-USD": {"entry": 63.36, "qty": 0.39457070707070707, "peak": 63.42, "stop": 60.825599999999994}, "TOWNS-USD": {"entry": 0.00337, "qty": 7418.397626112759, "peak": 0.00337, "stop": 0.0032352}, "EIGEN-USD": {"entry": 0.185, "qty": 135.13513513513513, "peak": 0.186, "stop": 0.17759999999999998}, "SPK-USD": {"entry": 0.01927, "qty": 1297.3533990659057, "peak": 0.0194, "stop": 0.018499199999999997}, "UMA-USD": {"entry": 0.426, "qty": 58.68544600938967, "peak": 0.426, "stop": 0.40896}, "ARPA-USD": {"entry": 0.0095, "qty": 2631.5789473684213, "peak": 0.0095, "stop": 0.00912}, "REZ-USD": {"entry": 0.00283, "qty": 8833.922261484098, "peak": 0.00284, "stop": 0.0027168}, "MON-USD": {"entry": 0.0214, "qty": 1168.2242990654206, "peak": 0.02142, "stop": 0.020544}, "SENT-USD": {"entry": 0.02117, "qty": 1180.9163911195087, "peak": 0.02117, "stop": 0.0203232}, "MANA-USD": {"entry": 0.0967, "qty": 258.5315408479835, "peak": 0.0968, "stop": 0.092832}, "PROVE-USD": {"entry": 0.2947, "qty": 84.8320325755005, "peak": 0.2951, "stop": 0.282912}, "JTO-USD": {"entry": 0.2653, "qty": 94.23294383716548, "peak": 0.2658, "stop": 0.25468799999999997}, "SUI-USD": {"entry": 0.9083, "qty": 27.523945832874603, "peak": 0.9099, "stop": 0.871968}, "SAND-USD": {"entry": 0.084, "qty": 297.6190476190476, "peak": 0.0842, "stop": 0.08064}, "MORPHO-USD": {"entry": 1.6996, "qty": 14.709343374911745, "peak": 1.6996, "stop": 1.631616}}