{"SUPER-USD": {"entry": 0.11166, "qty": 1048.435479972716, "stop": 0.11386035, "peak": 0.11799, "opened_ts": 1772405097, "score": 5, "score_reason": "drift=-0.002 mom=0.000 vol=0.0010 dd=-0.002"}, "CTX-USD": {"entry": 0.5712, "qty": 150.0194488662085, "stop": 0.5660592, "peak": 0.5712, "opened_ts": 1772405137, "score": 5, "score_reason": "drift=0.000 mom=0.000 vol=0.0000 dd=0.000"}, "ARB-USD": {"entry": 0.0997, "qty": 264.19140813932216, "stop": 0.10084249999999999, "peak": 0.1045, "opened_ts": 1772407032, "score": 5, "score_reason": "drift=0.004 mom=0.000 vol=0.0014 dd=-0.009"}, "AVNT-USD": {"entry": 0.1708, "qty": 200.85517141086046, "stop": 0.17114569999999998, "peak": 0.1727, "opened_ts": 1772407691, "score": 5, "score_reason": "drift=-0.004 mom=-0.006 vol=0.0010 dd=-0.006"}, "RAY-USD": {"entry": 0.5895, "qty": 49.17302835770424, "stop": 0.5910625, "peak": 0.6125, "opened_ts": 1772408556, "score": 5, "score_reason": "drift=0.000 mom=0.000 vol=0.0000 dd=0.000"}, "USELESS-USD": {"entry": 0.0407, "qty": 629.8334326006968, "stop": 0.040631, "peak": 0.041, "opened_ts": 1772409127, "score": 5, "score_reason": "drift=0.000 mom=0.000 vol=0.0011 dd=0.000"}, "ACH-USD": {"entry": 0.006511, "qty": 4256.037483449275, "stop": 0.006497987, "peak": 0.006689, "opened_ts": 1772409779, "score": 5, "score_reason": "drift=-0.002 mom=0.000 vol=0.0002 dd=-0.002"}, "BLZ-USD": {"entry": 0.0123, "qty": 2419.2159134400417, "stop": 0.0121893, "peak": 0.0123, "opened_ts": 1772410497, "score": 5, "score_reason": "drift=0.000 mom=0.000 vol=0.0018 dd=0.000"}, "CELR-USD": {"entry": 0.00259, "qty": 11062.120254015328, "stop": 0.00256669, "peak": 0.00259, "opened_ts": 1772411160, "score": 5, "score_reason": "drift=-0.008 mom=0.000 vol=0.0017 dd=-0.008"}, "MOG-USD": {"entry": 1.7e-07, "qty": 424611513.70031273, "stop": 1.6625999999999998e-07, "peak": 1.7e-07, "opened_ts": 1772463321, "score": 7, "score_reason": "drift=0.133 mom=0.062 vol=0.0143 dd=0.000"}, "WAL-USD": {"entry": 0.08079, "qty": 689.7913422107129, "stop": 0.07901262, "peak": 0.08105, "opened_ts": 1772464263, "score": 6, "score_reason": "drift=0.043 mom=0.043 vol=0.0068 dd=0.000"}}