{"HONEY-USD": {"entry": 0.0032, "qty": 7812.5, "peak": 0.0032, "stop": 0.003072}, "AUDIO-USD": {"entry": 0.02, "qty": 1250.0, "peak": 0.02, "stop": 0.0192}, "PROVE-USD": {"entry": 0.3008, "qty": 83.11170212765957, "peak": 0.3008, "stop": 0.288768}, "WELL-USD": {"entry": 0.00456, "qty": 5482.456140350878, "peak": 0.00456, "stop": 0.0043776}, "MINA-USD": {"entry": 0.0585, "qty": 427.3504273504273, "peak": 0.0585, "stop": 0.05616}, "FET-USD": {"entry": 0.1597, "qty": 156.54351909830933, "peak": 0.1597, "stop": 0.153312}, "NMR-USD": {"entry": 7.7, "qty": 3.2467532467532467, "peak": 7.7, "stop": 7.3919999999999995}, "ALEPH-USD": {"entry": 0.0207, "qty": 1207.729468599034, "peak": 0.0207, "stop": 0.019871999999999997}, "PRIME-USD": {"entry": 0.452, "qty": 55.309734513274336, "peak": 0.452, "stop": 0.43392}, "ZRX-USD": {"entry": 0.107873, "qty": 231.7540070267815, "peak": 0.107873, "stop": 0.10355808}, "ALLO-USD": {"entry": 0.1116, "qty": 224.0143369175627, "peak": 0.1116, "stop": 0.107136}, "JUPITER-USD": {"entry": 0.1732, "qty": 144.3418013856813, "peak": 0.1732, "stop": 0.16627199999999998}, "USD1-USD": {"entry": 0.9991, "qty": 25.02252026824142, "peak": 0.9991, "stop": 0.959136}, "AGLD-USD": {"entry": 0.2295, "qty": 108.93246187363835, "peak": 0.2295, "stop": 0.22032}, "SEAM-USD": {"entry": 0.1054, "qty": 237.19165085388997, "peak": 0.1054, "stop": 0.101184}, "SKL-USD": {"entry": 0.0067, "qty": 3731.3432835820895, "peak": 0.0067, "stop": 0.006432}, "HNT-USD": {"entry": 1.315, "qty": 19.011406844106464, "peak": 1.315, "stop": 1.2624}, "EGLD-USD": {"entry": 4.58, "qty": 5.458515283842795, "peak": 4.58, "stop": 4.3968}, "EDGE-USD": {"entry": 0.09325, "qty": 268.0965147453083, "peak": 0.09325, "stop": 0.08952}, "SUSHI-USD": {"entry": 0.208, "qty": 120.1923076923077, "peak": 0.208, "stop": 0.19968}}