{"ARPA-USD": {"entry": 0.0096, "qty": 2604.166666666667, "peak": 0.0098, "stop": 0.009215999999999998}, "RAD-USD": {"entry": 0.233, "qty": 107.29613733905579, "peak": 0.235, "stop": 0.22368000000000002}, "OMNI-USD": {"entry": 0.813, "qty": 30.75030750307503, "peak": 0.825, "stop": 0.78048}, "SPK-USD": {"entry": 0.01945, "qty": 1285.3470437017995, "peak": 0.01945, "stop": 0.018671999999999998}, "CRO-USD": {"entry": 0.07628, "qty": 327.73990561090716, "peak": 0.07631, "stop": 0.0732288}, "OGN-USD": {"entry": 0.02002, "qty": 1248.7512487512488, "peak": 0.02002, "stop": 0.0192192}, "SAND-USD": {"entry": 0.0848, "qty": 294.811320754717, "peak": 0.0848, "stop": 0.081408}, "ILV-USD": {"entry": 3.69, "qty": 6.775067750677507, "peak": 3.69, "stop": 3.5423999999999998}, "MANA-USD": {"entry": 0.0974, "qty": 256.6735112936345, "peak": 0.0975, "stop": 0.093504}, "QNT-USD": {"entry": 63.36, "qty": 0.39457070707070707, "peak": 63.36, "stop": 60.825599999999994}, "REZ-USD": {"entry": 0.00286, "qty": 8741.25874125874, "peak": 0.00286, "stop": 0.0027456}, "PROVE-USD": {"entry": 0.2961, "qty": 84.4309354947653, "peak": 0.2961, "stop": 0.28425599999999995}, "JTO-USD": {"entry": 0.2668, "qty": 93.70314842578712, "peak": 0.2668, "stop": 0.25612799999999997}, "SUI-USD": {"entry": 0.9118, "qty": 27.418293485413468, "peak": 0.9118, "stop": 0.875328}, "SENT-USD": {"entry": 0.02124, "qty": 1177.0244821092278, "peak": 0.02124, "stop": 0.0203904}, "MORPHO-USD": {"entry": 1.7024, "qty": 14.68515037593985, "peak": 1.7041, "stop": 1.6343039999999998}, "TOWNS-USD": {"entry": 0.00337, "qty": 7418.397626112759, "peak": 0.00337, "stop": 0.0032352}, "UMA-USD": {"entry": 0.429, "qty": 58.27505827505828, "peak": 0.429, "stop": 0.41184}, "EIGEN-USD": {"entry": 0.185, "qty": 135.13513513513513, "peak": 0.185, "stop": 0.17759999999999998}, "MON-USD": {"entry": 0.02147, "qty": 1164.4154634373544, "peak": 0.0215, "stop": 0.0206112}}