{"MOG-USD": {"entry": 1.6e-07, "qty": 857638888.888889, "stop": 1.5856e-07, "peak": 1.6e-07, "opened_ts": 1772405058, "score": 5, "score_reason": "drift=0.000 mom=0.000 vol=0.0000 dd=0.000"}, "SUPER-USD": {"entry": 0.11166, "qty": 1048.435479972716, "stop": 0.11065506, "peak": 0.11166, "opened_ts": 1772405097, "score": 5, "score_reason": "drift=-0.002 mom=0.000 vol=0.0010 dd=-0.002"}, "AVNT-USD": {"entry": 0.171, "qty": 585.7218673436657, "stop": 0.169461, "peak": 0.171, "opened_ts": 1772405117, "score": 5, "score_reason": "drift=0.005 mom=0.000 vol=0.0012 dd=0.000"}, "CTX-USD": {"entry": 0.5712, "qty": 150.0194488662085, "stop": 0.5660592, "peak": 0.5712, "opened_ts": 1772405137, "score": 5, "score_reason": "drift=0.000 mom=0.000 vol=0.0000 dd=0.000"}, "BLZ-USD": {"entry": 0.0122, "qty": 6009.303650103032, "stop": 0.0120902, "peak": 0.0122, "opened_ts": 1772405157, "score": 5, "score_reason": "drift=0.000 mom=0.000 vol=0.0000 dd=0.000"}, "C98-USD": {"entry": 0.0259, "qty": 2421.7674169484294, "stop": 0.0256669, "peak": 0.0259, "opened_ts": 1772405177, "score": 5, "score_reason": "drift=0.004 mom=0.000 vol=0.0006 dd=0.000"}, "ARB-USD": {"entry": 0.099, "qty": 542.0573243120373, "stop": 0.098109, "peak": 0.099, "opened_ts": 1772405196, "score": 5, "score_reason": "drift=0.005 mom=0.000 vol=0.0012 dd=-0.001"}, "CELR-USD": {"entry": 0.00259, "qty": 17726.73952479906, "stop": 0.00256669, "peak": 0.00259, "opened_ts": 1772405216, "score": 5, "score_reason": "drift=0.008 mom=0.024 vol=0.0058 dd=0.000"}, "XYO-USD": {"entry": 0.00409, "qty": 9604.030598833675, "stop": 0.00405319, "peak": 0.00409, "opened_ts": 1772405235, "score": 5, "score_reason": "drift=0.012 mom=0.005 vol=0.0036 dd=-0.005"}, "MAMO-USD": {"entry": 0.01335, "qty": 2517.380432972759, "stop": 0.012816000000000001, "peak": 0.01335, "opened_ts": 1772405256, "score": 5, "score_reason": "drift=-0.007 mom=0.000 vol=0.0012 dd=-0.007"}}