{"ZEC-USD": {"entry": 219.56, "qty": 0.31088761322849984, "stop": 212.9732, "peak": 219.56, "opened_ts": 1772570804, "score": 5, "reason": "r15=0.004 r60=0.005 vR=0.68 macdH=0.0398 macdX=0 emaX=1 slope=0.00006", "trail_dist": null}, "ALEO-USD": {"entry": 0.0689, "qty": 915.8391522341578, "stop": 0.066833, "peak": 0.0691, "opened_ts": 1772570980, "score": 5, "reason": "r15=0.003 r60=0.001 vR=3.66 macdH=0.0000 macdX=0 emaX=1 slope=0.00007", "trail_dist": null}, "YFI-USD": {"entry": 2636.75, "qty": 0.022123526724723605, "stop": 2557.6475, "peak": 2637.36, "opened_ts": 1772571108, "score": 5, "reason": "r15=0.002 r60=0.004 vR=0.68 macdH=0.3615 macdX=0 emaX=1 slope=-0.00002", "trail_dist": null}, "SHIB-USD": {"entry": 5.45e-06, "qty": 9894887.125410426, "stop": 5.2865e-06, "peak": 5.46e-06, "opened_ts": 1772571140, "score": 5, "reason": "r15=0.002 r60=-0.013 vR=0.00 macdH=0.0000 macdX=0 emaX=1 slope=-0.00011", "trail_dist": null}}