{"CTX-USD": {"entry": 0.5712, "qty": 150.0194488662085, "stop": 0.5660592, "peak": 0.5712, "opened_ts": 1772405137, "score": 5, "score_reason": "drift=0.000 mom=0.000 vol=0.0000 dd=0.000"}, "WET-USD": {"entry": 0.1066, "qty": 1227.6876813534118, "stop": 0.09913799999999999, "peak": 0.1069, "opened_ts": 1772514924, "score": 5, "score_reason": "drift=0.003 mom=0.000 vol=0.0019 dd=-0.007"}, "MON-USD": {"entry": 0.02106, "qty": 5261.410039558546, "stop": 0.019585799999999997, "peak": 0.02108, "opened_ts": 1772515037, "score": 5, "score_reason": "drift=0.002 mom=-0.003 vol=0.0007 dd=-0.004"}, "ADA-USD": {"entry": 0.273, "qty": 343.64661767124335, "stop": 0.25389, "peak": 0.2733, "opened_ts": 1772515051, "score": 5, "score_reason": "drift=0.004 mom=-0.003 vol=0.0005 dd=-0.003"}}