{"ARPA-USD": {"entry": 0.0096, "qty": 2604.166666666667, "peak": 0.0098, "stop": 0.009215999999999998}, "RAD-USD": {"entry": 0.233, "qty": 107.29613733905579, "peak": 0.235, "stop": 0.22368000000000002}, "OMNI-USD": {"entry": 0.813, "qty": 30.75030750307503, "peak": 0.825, "stop": 0.78048}, "ILV-USD": {"entry": 3.71, "qty": 6.738544474393531, "peak": 3.73, "stop": 3.5616}, "UMA-USD": {"entry": 0.43, "qty": 58.139534883720934, "peak": 0.433, "stop": 0.4128}, "OGN-USD": {"entry": 0.02011, "qty": 1243.1626056688215, "peak": 0.02028, "stop": 0.0193056}, "QNT-USD": {"entry": 63.45, "qty": 0.3940110323089046, "peak": 64.05, "stop": 60.912}, "REZ-USD": {"entry": 0.00287, "qty": 8710.801393728223, "peak": 0.00289, "stop": 0.0027552}, "EIGEN-USD": {"entry": 0.186, "qty": 134.40860215053763, "peak": 0.189, "stop": 0.17856}, "MANA-USD": {"entry": 0.0972, "qty": 257.201646090535, "peak": 0.0984, "stop": 0.09331199999999999}, "SAND-USD": {"entry": 0.0849, "qty": 294.4640753828033, "peak": 0.0858, "stop": 0.08150400000000001}, "TOWNS-USD": {"entry": 0.00341, "qty": 7331.378299120235, "peak": 0.00341, "stop": 0.0032735999999999998}, "SPK-USD": {"entry": 0.01945, "qty": 1285.3470437017995, "peak": 0.01945, "stop": 0.018671999999999998}, "MORPHO-USD": {"entry": 1.7148, "qty": 14.578959645439701, "peak": 1.7252, "stop": 1.6462080000000001}, "PROVE-USD": {"entry": 0.299, "qty": 83.61204013377927, "peak": 0.299, "stop": 0.28703999999999996}, "JTO-USD": {"entry": 0.2693, "qty": 92.8332714444857, "peak": 0.2693, "stop": 0.258528}, "SUI-USD": {"entry": 0.92, "qty": 27.173913043478258, "peak": 0.9201, "stop": 0.8832}, "SENT-USD": {"entry": 0.02145, "qty": 1165.5011655011656, "peak": 0.02145, "stop": 0.020592}, "MON-USD": {"entry": 0.02166, "qty": 1154.201292705448, "peak": 0.02168, "stop": 0.0207936}, "CRO-USD": {"entry": 0.07628, "qty": 327.73990561090716, "peak": 0.07628, "stop": 0.0732288}}