{"ZEC-USD": {"entry": 219.56, "qty": 0.31088761322849984, "stop": 220.7948, "peak": 222.8, "opened_ts": 1772570804, "score": 5, "reason": "r15=0.004 r60=0.005 vR=0.68 macdH=0.0398 macdX=0 emaX=1 slope=0.00006", "trail_dist": 0.9}, "ALEO-USD": {"entry": 0.0689, "qty": 915.8391522341578, "stop": 0.06937, "peak": 0.07, "opened_ts": 1772570980, "score": 5, "reason": "r15=0.003 r60=0.001 vR=3.66 macdH=0.0000 macdX=0 emaX=1 slope=0.00007", "trail_dist": 0.9}, "WCFG-USD": {"entry": 0.126, "qty": 750.5661041911707, "stop": 0.12159, "peak": 0.126, "opened_ts": 1772575183, "score": 7, "reason": "r15=0.024 r60=0.068 vR=0.50 macdH=0.0004 macdX=0 emaX=1 diff=0.00038 slope=0.00052", "trail_dist": null}, "BICO-USD": {"entry": 0.0208, "qty": 3895.0050618459118, "stop": 0.020820799999999997, "peak": 0.021, "opened_ts": 1772575183, "score": 7, "reason": "r15=0.025 r60=0.035 vR=0.02 macdH=0.0000 macdX=0 emaX=1 diff=0.00000 slope=0.00077", "trail_dist": null}, "KEEP-USD": {"entry": 0.2153, "qty": 322.3585548630362, "stop": 0.2077645, "peak": 0.2153, "opened_ts": 1772575200, "score": 7, "reason": "r15=0.018 r60=0.028 vR=0.09 macdH=0.0002 macdX=0 emaX=1 diff=0.00021 slope=0.00049", "trail_dist": null}, "MORPHO-USD": {"entry": 2.002, "qty": 29.6996758447488, "stop": 1.9319299999999997, "peak": 2.005, "opened_ts": 1772576347, "score": 7, "reason": "r15=0.026 r60=0.033 vR=0.86 macdH=0.0033 macdX=0 emaX=1 diff=0.00327 slope=0.00037", "trail_dist": null}, "BADGER-USD": {"entry": 0.3755, "qty": 116.20947942560224, "stop": 0.3758755, "peak": 0.3774, "opened_ts": 1772576844, "score": 7, "reason": "r15=0.012 r60=0.025 vR=2.75 macdH=0.0004 macdX=0 emaX=1 diff=0.00044 slope=0.00036", "trail_dist": null}, "DEXT-USD": {"entry": 0.1339, "qty": 315.98093651405543, "stop": 0.12921349999999998, "peak": 0.1339, "opened_ts": 1772577076, "score": 8, "reason": "r15=0.082 r60=0.078 vR=1.83 macdH=0.0003 macdX=1 emaX=1 diff=0.00031 slope=-0.00006", "trail_dist": null}, "REZ-USD": {"entry": 0.00285, "qty": 13509.104936496758, "stop": 0.00275025, "peak": 0.00285, "opened_ts": 1772579906, "score": 8, "reason": "r15=0.004 r60=0.036 vR=1.32 macdH=0.0000 macdX=1 emaX=1 diff=0.00000 slope=0.00066", "trail_dist": null}, "EIGEN-USD": {"entry": 0.191, "qty": 183.44536930752102, "stop": 0.19119099999999997, "peak": 0.192, "opened_ts": 1772581121, "score": 7, "reason": "r15=0.005 r60=0.027 vR=0.10 macdH=0.0001 macdX=0 emaX=1 diff=0.00008 slope=0.00041", "trail_dist": null}, "TVK-USD": {"entry": 0.06332, "qty": 789.435225970086, "stop": 0.0611038, "peak": 0.06332, "opened_ts": 1772582520, "score": 8, "reason": "r15=0.007 r60=0.042 vR=0.38 macdH=0.0001 macdX=1 emaX=1 diff=0.00005 slope=0.00067", "trail_dist": null}, "KAVA-USD": {"entry": 0.0544, "qty": 680.1805342298646, "stop": 0.052495999999999994, "peak": 0.0544, "opened_ts": 1772582520, "score": 7, "reason": "r15=0.023 r60=0.021 vR=5.02 macdH=0.0001 macdX=0 emaX=1 diff=0.00009 slope=0.00020", "trail_dist": null}}