{"ARPA-USD": {"entry": 0.0096, "qty": 2604.166666666667, "peak": 0.0098, "stop": 0.009215999999999998}, "RAD-USD": {"entry": 0.233, "qty": 107.29613733905579, "peak": 0.235, "stop": 0.22368000000000002}, "OMNI-USD": {"entry": 0.813, "qty": 30.75030750307503, "peak": 0.825, "stop": 0.78048}, "TOWNS-USD": {"entry": 0.00344, "qty": 7267.441860465116, "peak": 0.00345, "stop": 0.0033023999999999996}, "ILV-USD": {"entry": 3.71, "qty": 6.738544474393531, "peak": 3.73, "stop": 3.5616}, "JTO-USD": {"entry": 0.2706, "qty": 92.38728750923873, "peak": 0.2712, "stop": 0.259776}, "SUI-USD": {"entry": 0.9203, "qty": 27.165054873410845, "peak": 0.9239, "stop": 0.8834879999999999}, "UMA-USD": {"entry": 0.43, "qty": 58.139534883720934, "peak": 0.431, "stop": 0.4128}, "OGN-USD": {"entry": 0.02011, "qty": 1243.1626056688215, "peak": 0.0202, "stop": 0.0193056}, "QNT-USD": {"entry": 63.45, "qty": 0.3940110323089046, "peak": 63.97, "stop": 60.912}, "REZ-USD": {"entry": 0.00287, "qty": 8710.801393728223, "peak": 0.00289, "stop": 0.0027552}, "PROVE-USD": {"entry": 0.3006, "qty": 83.16699933466401, "peak": 0.3043, "stop": 0.28857599999999994}, "MORPHO-USD": {"entry": 1.7088, "qty": 14.630149812734082, "peak": 1.7353, "stop": 1.6404480000000001}, "MON-USD": {"entry": 0.02188, "qty": 1142.5959780621572, "peak": 0.02201, "stop": 0.0210048}, "SENT-USD": {"entry": 0.02143, "qty": 1166.5888940737284, "peak": 0.02148, "stop": 0.0205728}, "EIGEN-USD": {"entry": 0.186, "qty": 134.40860215053763, "peak": 0.187, "stop": 0.17856}, "MANA-USD": {"entry": 0.0972, "qty": 257.201646090535, "peak": 0.0977, "stop": 0.09331199999999999}, "SPK-USD": {"entry": 0.0195, "qty": 1282.051282051282, "peak": 0.01958, "stop": 0.01872}, "CRO-USD": {"entry": 0.07629, "qty": 327.69694586446457, "peak": 0.07654, "stop": 0.0732384}, "SAND-USD": {"entry": 0.0849, "qty": 294.4640753828033, "peak": 0.0852, "stop": 0.08150400000000001}}