{"RAD-USD": {"entry": 0.233, "qty": 107.29613733905579, "peak": 0.235, "stop": 0.22368000000000002}, "OMNI-USD": {"entry": 0.813, "qty": 30.75030750307503, "peak": 0.825, "stop": 0.78048}, "CRO-USD": {"entry": 0.07628, "qty": 327.73990561090716, "peak": 0.07631, "stop": 0.0732288}, "OGN-USD": {"entry": 0.02002, "qty": 1248.7512487512488, "peak": 0.02006, "stop": 0.0192192}, "ILV-USD": {"entry": 3.69, "qty": 6.775067750677507, "peak": 3.69, "stop": 3.5423999999999998}, "MANA-USD": {"entry": 0.0974, "qty": 256.6735112936345, "peak": 0.0976, "stop": 0.093504}, "QNT-USD": {"entry": 63.36, "qty": 0.39457070707070707, "peak": 63.42, "stop": 60.825599999999994}, "PROVE-USD": {"entry": 0.2961, "qty": 84.4309354947653, "peak": 0.2974, "stop": 0.28425599999999995}, "JTO-USD": {"entry": 0.2668, "qty": 93.70314842578712, "peak": 0.2679, "stop": 0.25612799999999997}, "SUI-USD": {"entry": 0.9118, "qty": 27.418293485413468, "peak": 0.9166, "stop": 0.875328}, "SENT-USD": {"entry": 0.02124, "qty": 1177.0244821092278, "peak": 0.02138, "stop": 0.0203904}, "MORPHO-USD": {"entry": 1.7024, "qty": 14.68515037593985, "peak": 1.7158, "stop": 1.6343039999999998}, "TOWNS-USD": {"entry": 0.00337, "qty": 7418.397626112759, "peak": 0.00337, "stop": 0.0032352}, "EIGEN-USD": {"entry": 0.185, "qty": 135.13513513513513, "peak": 0.186, "stop": 0.17759999999999998}, "SPK-USD": {"entry": 0.01927, "qty": 1297.3533990659057, "peak": 0.0194, "stop": 0.018499199999999997}, "SAND-USD": {"entry": 0.0839, "qty": 297.97377830750895, "peak": 0.085, "stop": 0.080544}, "UMA-USD": {"entry": 0.426, "qty": 58.68544600938967, "peak": 0.426, "stop": 0.40896}, "ARPA-USD": {"entry": 0.0095, "qty": 2631.5789473684213, "peak": 0.0095, "stop": 0.00912}, "REZ-USD": {"entry": 0.00283, "qty": 8833.922261484098, "peak": 0.00284, "stop": 0.0027168}, "MON-USD": {"entry": 0.0214, "qty": 1168.2242990654206, "peak": 0.0214, "stop": 0.020544}}