{"SUPER-USD": {"entry": 0.11166, "qty": 1048.435479972716, "stop": 0.11154695999999999, "peak": 0.11256, "opened_ts": 1772405097, "score": 5, "score_reason": "drift=-0.002 mom=0.000 vol=0.0010 dd=-0.002"}, "CTX-USD": {"entry": 0.5712, "qty": 150.0194488662085, "stop": 0.5660592, "peak": 0.5712, "opened_ts": 1772405137, "score": 5, "score_reason": "drift=0.000 mom=0.000 vol=0.0000 dd=0.000"}, "C98-USD": {"entry": 0.0259, "qty": 2421.7674169484294, "stop": 0.0260633, "peak": 0.0263, "opened_ts": 1772405177, "score": 5, "score_reason": "drift=0.004 mom=0.000 vol=0.0006 dd=0.000"}, "XYO-USD": {"entry": 0.00409, "qty": 9604.030598833675, "stop": 0.00411265, "peak": 0.00415, "opened_ts": 1772405235, "score": 5, "score_reason": "drift=0.012 mom=0.005 vol=0.0036 dd=-0.005"}, "DBR-USD": {"entry": 0.01528, "qty": 2040.9380597358606, "stop": 0.0152614, "peak": 0.0154, "opened_ts": 1772405337, "score": 5, "score_reason": "drift=0.000 mom=0.000 vol=0.0000 dd=0.000"}, "SUKU-USD": {"entry": 0.0073, "qty": 3655.243314367538, "stop": 0.0072343, "peak": 0.0073, "opened_ts": 1772405357, "score": 5, "score_reason": "drift=0.000 mom=0.000 vol=0.0000 dd=0.000"}, "FUN1-USD": {"entry": 0.04893, "qty": 549.8437580785284, "stop": 0.04901485999999999, "peak": 0.04946, "opened_ts": 1772405974, "score": 5, "score_reason": "drift=0.000 mom=0.000 vol=0.0000 dd=0.000"}, "ARB-USD": {"entry": 0.0997, "qty": 264.19140813932216, "stop": 0.0991991, "peak": 0.1001, "opened_ts": 1772407032, "score": 5, "score_reason": "drift=0.004 mom=0.000 vol=0.0014 dd=-0.009"}, "SD-USD": {"entry": 0.1401, "qty": 196.11015881591854, "stop": 0.14012739999999999, "peak": 0.1414, "opened_ts": 1772407107, "score": 5, "score_reason": "drift=0.010 mom=0.000 vol=0.0021 dd=-0.006"}, "AVNT-USD": {"entry": 0.1708, "qty": 200.85517141086046, "stop": 0.17114569999999998, "peak": 0.1727, "opened_ts": 1772407691, "score": 5, "score_reason": "drift=-0.004 mom=-0.006 vol=0.0010 dd=-0.006"}, "GFI-USD": {"entry": 0.1282, "qty": 195.87512679762003, "stop": 0.12724439999999998, "peak": 0.1284, "opened_ts": 1772407732, "score": 5, "score_reason": "drift=0.000 mom=0.000 vol=0.0000 dd=0.000"}, "2Z-USD": {"entry": 0.0728, "qty": 465.405134065577, "stop": 0.0722439, "peak": 0.0729, "opened_ts": 1772408535, "score": 5, "score_reason": "drift=0.004 mom=0.000 vol=0.0004 dd=0.000"}, "RAY-USD": {"entry": 0.5895, "qty": 49.17302835770424, "stop": 0.5841945000000001, "peak": 0.5895, "opened_ts": 1772408556, "score": 5, "score_reason": "drift=0.000 mom=0.000 vol=0.0000 dd=0.000"}, "CGLD-USD": {"entry": 0.0776, "qty": 322.6634380772052, "stop": 0.0769016, "peak": 0.0776, "opened_ts": 1772408667, "score": 5, "score_reason": "drift=0.005 mom=0.000 vol=0.0006 dd=0.000"}, "USELESS-USD": {"entry": 0.0407, "qty": 629.8334326006968, "stop": 0.040432800000000005, "peak": 0.0408, "opened_ts": 1772409127, "score": 5, "score_reason": "drift=0.000 mom=0.000 vol=0.0011 dd=0.000"}, "KSM-USD": {"entry": 4.7, "qty": 5.9950223371636175, "stop": 4.6775199999999995, "peak": 4.72, "opened_ts": 1772409149, "score": 5, "score_reason": "drift=0.002 mom=-0.002 vol=0.0008 dd=-0.002"}, "ACH-USD": {"entry": 0.006511, "qty": 4256.037483449275, "stop": 0.006497987, "peak": 0.006557, "opened_ts": 1772409779, "score": 5, "score_reason": "drift=-0.002 mom=0.000 vol=0.0002 dd=-0.002"}, "SEI-USD": {"entry": 0.06875, "qty": 426.782971962422, "stop": 0.0681808, "peak": 0.0688, "opened_ts": 1772410041, "score": 5, "score_reason": "drift=0.004 mom=0.001 vol=0.0005 dd=0.000"}, "ESP-USD": {"entry": 0.12795, "qty": 234.35273237587626, "stop": 0.12882009, "peak": 0.12999, "opened_ts": 1772410121, "score": 5, "score_reason": "drift=-0.004 mom=0.007 vol=0.0021 dd=-0.008"}, "BLZ-USD": {"entry": 0.0123, "qty": 2419.2159134400417, "stop": 0.0121893, "peak": 0.0123, "opened_ts": 1772410497, "score": 5, "score_reason": "drift=0.000 mom=0.000 vol=0.0018 dd=0.000"}}