{"CTX-USD": {"entry": 0.5712, "qty": 150.0194488662085, "stop": 0.5660592, "peak": 0.5712, "opened_ts": 1772405137, "score": 5, "score_reason": "drift=0.000 mom=0.000 vol=0.0000 dd=0.000"}, "WET-USD": {"entry": 0.1066, "qty": 1227.6876813534118, "stop": 0.09913799999999999, "peak": 0.1066, "opened_ts": 1772514924, "score": 5, "score_reason": "drift=0.003 mom=0.000 vol=0.0019 dd=-0.007"}}