{"SUPER-USD": {"entry": 0.11166, "qty": 1048.435479972716, "stop": 0.11186407999999999, "peak": 0.11288, "opened_ts": 1772405097, "score": 5, "score_reason": "drift=-0.002 mom=0.000 vol=0.0010 dd=-0.002"}, "CTX-USD": {"entry": 0.5712, "qty": 150.0194488662085, "stop": 0.5660592, "peak": 0.5712, "opened_ts": 1772405137, "score": 5, "score_reason": "drift=0.000 mom=0.000 vol=0.0000 dd=0.000"}, "C98-USD": {"entry": 0.0259, "qty": 2421.7674169484294, "stop": 0.0260633, "peak": 0.0263, "opened_ts": 1772405177, "score": 5, "score_reason": "drift=0.004 mom=0.000 vol=0.0006 dd=0.000"}, "FUN1-USD": {"entry": 0.04893, "qty": 549.8437580785284, "stop": 0.04901485999999999, "peak": 0.04946, "opened_ts": 1772405974, "score": 5, "score_reason": "drift=0.000 mom=0.000 vol=0.0000 dd=0.000"}, "ARB-USD": {"entry": 0.0997, "qty": 264.19140813932216, "stop": 0.0998928, "peak": 0.1008, "opened_ts": 1772407032, "score": 5, "score_reason": "drift=0.004 mom=0.000 vol=0.0014 dd=-0.009"}, "SD-USD": {"entry": 0.1401, "qty": 196.11015881591854, "stop": 0.14012739999999999, "peak": 0.1414, "opened_ts": 1772407107, "score": 5, "score_reason": "drift=0.010 mom=0.000 vol=0.0021 dd=-0.006"}, "AVNT-USD": {"entry": 0.1708, "qty": 200.85517141086046, "stop": 0.17114569999999998, "peak": 0.1727, "opened_ts": 1772407691, "score": 5, "score_reason": "drift=-0.004 mom=-0.006 vol=0.0010 dd=-0.006"}, "RAY-USD": {"entry": 0.5895, "qty": 49.17302835770424, "stop": 0.5853837, "peak": 0.5907, "opened_ts": 1772408556, "score": 5, "score_reason": "drift=0.000 mom=0.000 vol=0.0000 dd=0.000"}, "USELESS-USD": {"entry": 0.0407, "qty": 629.8334326006968, "stop": 0.040631, "peak": 0.041, "opened_ts": 1772409127, "score": 5, "score_reason": "drift=0.000 mom=0.000 vol=0.0011 dd=0.000"}, "KSM-USD": {"entry": 4.7, "qty": 5.9950223371636175, "stop": 4.6775199999999995, "peak": 4.72, "opened_ts": 1772409149, "score": 5, "score_reason": "drift=0.002 mom=-0.002 vol=0.0008 dd=-0.002"}, "ACH-USD": {"entry": 0.006511, "qty": 4256.037483449275, "stop": 0.006497987, "peak": 0.006557, "opened_ts": 1772409779, "score": 5, "score_reason": "drift=-0.002 mom=0.000 vol=0.0002 dd=-0.002"}, "SEI-USD": {"entry": 0.06875, "qty": 426.782971962422, "stop": 0.06820062, "peak": 0.06882, "opened_ts": 1772410041, "score": 5, "score_reason": "drift=0.004 mom=0.001 vol=0.0005 dd=0.000"}, "ESP-USD": {"entry": 0.12795, "qty": 234.35273237587626, "stop": 0.13214984999999999, "peak": 0.13335, "opened_ts": 1772410121, "score": 5, "score_reason": "drift=-0.004 mom=0.007 vol=0.0021 dd=-0.008"}, "BLZ-USD": {"entry": 0.0123, "qty": 2419.2159134400417, "stop": 0.0121893, "peak": 0.0123, "opened_ts": 1772410497, "score": 5, "score_reason": "drift=0.000 mom=0.000 vol=0.0018 dd=0.000"}, "CELR-USD": {"entry": 0.00259, "qty": 11062.120254015328, "stop": 0.00256669, "peak": 0.00259, "opened_ts": 1772411160, "score": 5, "score_reason": "drift=-0.008 mom=0.000 vol=0.0017 dd=-0.008"}, "SYND-USD": {"entry": 0.0655, "qty": 776.32140362609, "stop": 0.0649105, "peak": 0.0655, "opened_ts": 1772448381, "score": 6, "score_reason": "drift=0.050 mom=0.040 vol=0.0073 dd=0.000"}, "LRDS-USD": {"entry": 0.0343, "qty": 1341.3476935809522, "stop": 0.032928, "peak": 0.0343, "opened_ts": 1772448402, "score": 7, "score_reason": "drift=0.212 mom=0.027 vol=0.0113 dd=-0.014"}}