{"ZEC-USD": {"entry": 219.56, "qty": 0.31088761322849984, "stop": 212.9732, "peak": 219.56, "opened_ts": 1772570804, "score": 5, "reason": "r15=0.004 r60=0.005 vR=0.68 macdH=0.0398 macdX=0 emaX=1 slope=0.00006", "trail_dist": null}, "ALEO-USD": {"entry": 0.0689, "qty": 915.8391522341578, "stop": 0.066833, "peak": 0.0691, "opened_ts": 1772570980, "score": 5, "reason": "r15=0.003 r60=0.001 vR=3.66 macdH=0.0000 macdX=0 emaX=1 slope=0.00007", "trail_dist": null}, "YFI-USD": {"entry": 2636.75, "qty": 0.022123526724723605, "stop": 2639.3867499999997, "peak": 2648.77, "opened_ts": 1772571108, "score": 5, "reason": "r15=0.002 r60=0.004 vR=0.68 macdH=0.3615 macdX=0 emaX=1 slope=-0.00002", "trail_dist": null}, "SHIB-USD": {"entry": 5.45e-06, "qty": 9894887.125410426, "stop": 5.47032e-06, "peak": 5.52e-06, "opened_ts": 1772571140, "score": 5, "reason": "r15=0.002 r60=-0.013 vR=0.00 macdH=0.0000 macdX=0 emaX=1 slope=-0.00011", "trail_dist": 0.9}, "WCFG-USD": {"entry": 0.126, "qty": 750.5661041911707, "stop": 0.12159, "peak": 0.126, "opened_ts": 1772575183, "score": 7, "reason": "r15=0.024 r60=0.068 vR=0.50 macdH=0.0004 macdX=0 emaX=1 diff=0.00038 slope=0.00052", "trail_dist": null}, "BICO-USD": {"entry": 0.0208, "qty": 3895.0050618459118, "stop": 0.020072, "peak": 0.0208, "opened_ts": 1772575183, "score": 7, "reason": "r15=0.025 r60=0.035 vR=0.02 macdH=0.0000 macdX=0 emaX=1 diff=0.00000 slope=0.00077", "trail_dist": null}, "KEEP-USD": {"entry": 0.2153, "qty": 322.3585548630362, "stop": 0.2077645, "peak": 0.2153, "opened_ts": 1772575200, "score": 7, "reason": "r15=0.018 r60=0.028 vR=0.09 macdH=0.0002 macdX=0 emaX=1 diff=0.00021 slope=0.00049", "trail_dist": null}, "MORPHO-USD": {"entry": 2.0013, "qty": 29.708649034022887, "stop": 1.9312545, "peak": 2.0013, "opened_ts": 1772576223, "score": 7, "reason": "r15=0.026 r60=0.033 vR=0.86 macdH=0.0033 macdX=0 emaX=1 diff=0.00327 slope=0.00037", "trail_dist": null}}