{"MOG-USD": {"entry": 1.6e-07, "qty": 857638888.888889, "stop": 1.5856e-07, "peak": 1.6e-07, "opened_ts": 1772405058, "score": 5, "score_reason": "drift=0.000 mom=0.000 vol=0.0000 dd=0.000"}, "SUPER-USD": {"entry": 0.11166, "qty": 1048.435479972716, "stop": 0.11154695999999999, "peak": 0.11256, "opened_ts": 1772405097, "score": 5, "score_reason": "drift=-0.002 mom=0.000 vol=0.0010 dd=-0.002"}, "AVNT-USD": {"entry": 0.171, "qty": 585.7218673436657, "stop": 0.1712448, "peak": 0.1728, "opened_ts": 1772405117, "score": 5, "score_reason": "drift=0.005 mom=0.000 vol=0.0012 dd=0.000"}, "CTX-USD": {"entry": 0.5712, "qty": 150.0194488662085, "stop": 0.5660592, "peak": 0.5712, "opened_ts": 1772405137, "score": 5, "score_reason": "drift=0.000 mom=0.000 vol=0.0000 dd=0.000"}, "BLZ-USD": {"entry": 0.0122, "qty": 6009.303650103032, "stop": 0.0121893, "peak": 0.0123, "opened_ts": 1772405157, "score": 5, "score_reason": "drift=0.000 mom=0.000 vol=0.0000 dd=0.000"}, "C98-USD": {"entry": 0.0259, "qty": 2421.7674169484294, "stop": 0.0259642, "peak": 0.0262, "opened_ts": 1772405177, "score": 5, "score_reason": "drift=0.004 mom=0.000 vol=0.0006 dd=0.000"}, "XYO-USD": {"entry": 0.00409, "qty": 9604.030598833675, "stop": 0.0040928299999999996, "peak": 0.00413, "opened_ts": 1772405235, "score": 5, "score_reason": "drift=0.012 mom=0.005 vol=0.0036 dd=-0.005"}, "DBR-USD": {"entry": 0.01528, "qty": 2040.9380597358606, "stop": 0.01514248, "peak": 0.01528, "opened_ts": 1772405337, "score": 5, "score_reason": "drift=0.000 mom=0.000 vol=0.0000 dd=0.000"}, "SUKU-USD": {"entry": 0.0073, "qty": 3655.243314367538, "stop": 0.0072343, "peak": 0.0073, "opened_ts": 1772405357, "score": 5, "score_reason": "drift=0.000 mom=0.000 vol=0.0000 dd=0.000"}, "FUN1-USD": {"entry": 0.04893, "qty": 549.8437580785284, "stop": 0.04861846, "peak": 0.04906, "opened_ts": 1772405974, "score": 5, "score_reason": "drift=0.000 mom=0.000 vol=0.0000 dd=0.000"}, "CELR-USD": {"entry": 0.00259, "qty": 11886.824977356155, "stop": 0.00256669, "peak": 0.00259, "opened_ts": 1772407013, "score": 5, "score_reason": "drift=0.004 mom=0.000 vol=0.0006 dd=0.000"}, "ARB-USD": {"entry": 0.0997, "qty": 264.19140813932216, "stop": 0.0991991, "peak": 0.1001, "opened_ts": 1772407032, "score": 5, "score_reason": "drift=0.004 mom=0.000 vol=0.0014 dd=-0.009"}, "SD-USD": {"entry": 0.1401, "qty": 196.11015881591854, "stop": 0.13893819999999998, "peak": 0.1402, "opened_ts": 1772407107, "score": 5, "score_reason": "drift=0.010 mom=0.000 vol=0.0021 dd=-0.006"}, "DEXT-USD": {"entry": 0.1306, "qty": 193.8208531444354, "stop": 0.1294246, "peak": 0.1306, "opened_ts": 1772407223, "score": 6, "score_reason": "drift=0.037 mom=0.037 vol=0.0058 dd=0.000"}}