{"ARPA-USD": {"entry": 0.0096, "qty": 2604.166666666667, "peak": 0.0098, "stop": 0.009215999999999998}, "QNT-USD": {"entry": 63.88, "qty": 0.3913587977457733, "peak": 64.29, "stop": 61.3248}, "CRO-USD": {"entry": 0.07684, "qty": 325.351379489849, "peak": 0.07699, "stop": 0.0737664}, "RAD-USD": {"entry": 0.233, "qty": 107.29613733905579, "peak": 0.235, "stop": 0.22368000000000002}, "OMNI-USD": {"entry": 0.813, "qty": 30.75030750307503, "peak": 0.825, "stop": 0.78048}, "REZ-USD": {"entry": 0.00289, "qty": 8650.519031141868, "peak": 0.0029, "stop": 0.0027744}, "TOWNS-USD": {"entry": 0.00344, "qty": 7267.441860465116, "peak": 0.00345, "stop": 0.0033023999999999996}, "SPK-USD": {"entry": 0.01971, "qty": 1268.3916793505837, "peak": 0.0198, "stop": 0.018921599999999997}, "MANA-USD": {"entry": 0.0981, "qty": 254.84199796126398, "peak": 0.0981, "stop": 0.09417600000000001}, "SENT-USD": {"entry": 0.02164, "qty": 1155.268022181146, "peak": 0.02167, "stop": 0.0207744}, "PROVE-USD": {"entry": 0.3047, "qty": 82.04791598293403, "peak": 0.3047, "stop": 0.292512}, "MORPHO-USD": {"entry": 1.7246, "qty": 14.496115041168968, "peak": 1.7246, "stop": 1.6556159999999998}, "ILV-USD": {"entry": 3.71, "qty": 6.738544474393531, "peak": 3.72, "stop": 3.5616}, "MON-USD": {"entry": 0.02203, "qty": 1134.8161597821152, "peak": 0.02208, "stop": 0.0211488}, "JTO-USD": {"entry": 0.2706, "qty": 92.38728750923873, "peak": 0.2706, "stop": 0.259776}, "SUI-USD": {"entry": 0.9203, "qty": 27.165054873410845, "peak": 0.9209, "stop": 0.8834879999999999}, "SAND-USD": {"entry": 0.0851, "qty": 293.7720329024677, "peak": 0.0851, "stop": 0.08169599999999999}, "EIGEN-USD": {"entry": 0.187, "qty": 133.6898395721925, "peak": 0.187, "stop": 0.17951999999999999}, "UMA-USD": {"entry": 0.43, "qty": 58.139534883720934, "peak": 0.43, "stop": 0.4128}, "OGN-USD": {"entry": 0.02011, "qty": 1243.1626056688215, "peak": 0.02011, "stop": 0.0193056}}