{"ALEO-USD": {"entry": 0.0689, "qty": 915.8391522341578, "stop": 0.06937, "peak": 0.07, "opened_ts": 1772570980, "score": 5, "reason": "r15=0.003 r60=0.001 vR=3.66 macdH=0.0000 macdX=0 emaX=1 slope=0.00007", "trail_dist": 0.9}, "WCFG-USD": {"entry": 0.126, "qty": 750.5661041911707, "stop": 0.12159, "peak": 0.126, "opened_ts": 1772575183, "score": 7, "reason": "r15=0.024 r60=0.068 vR=0.50 macdH=0.0004 macdX=0 emaX=1 diff=0.00038 slope=0.00052", "trail_dist": null}, "BICO-USD": {"entry": 0.0208, "qty": 3895.0050618459118, "stop": 0.020820799999999997, "peak": 0.021, "opened_ts": 1772575183, "score": 7, "reason": "r15=0.025 r60=0.035 vR=0.02 macdH=0.0000 macdX=0 emaX=1 diff=0.00000 slope=0.00077", "trail_dist": null}, "KEEP-USD": {"entry": 0.2153, "qty": 322.3585548630362, "stop": 0.2077645, "peak": 0.2153, "opened_ts": 1772575200, "score": 7, "reason": "r15=0.018 r60=0.028 vR=0.09 macdH=0.0002 macdX=0 emaX=1 diff=0.00021 slope=0.00049", "trail_dist": null}, "MORPHO-USD": {"entry": 2.002, "qty": 29.6996758447488, "stop": 1.9319299999999997, "peak": 2.005, "opened_ts": 1772576347, "score": 7, "reason": "r15=0.026 r60=0.033 vR=0.86 macdH=0.0033 macdX=0 emaX=1 diff=0.00327 slope=0.00037", "trail_dist": null}, "REZ-USD": {"entry": 0.00285, "qty": 13509.104936496758, "stop": 0.00275025, "peak": 0.00285, "opened_ts": 1772579906, "score": 8, "reason": "r15=0.004 r60=0.036 vR=1.32 macdH=0.0000 macdX=1 emaX=1 diff=0.00000 slope=0.00066", "trail_dist": null}, "EIGEN-USD": {"entry": 0.191, "qty": 183.44536930752102, "stop": 0.19119099999999997, "peak": 0.192, "opened_ts": 1772581121, "score": 7, "reason": "r15=0.005 r60=0.027 vR=0.10 macdH=0.0001 macdX=0 emaX=1 diff=0.00008 slope=0.00041", "trail_dist": null}, "TVK-USD": {"entry": 0.06332, "qty": 789.435225970086, "stop": 0.0611038, "peak": 0.06332, "opened_ts": 1772582520, "score": 8, "reason": "r15=0.007 r60=0.042 vR=0.38 macdH=0.0001 macdX=1 emaX=1 diff=0.00005 slope=0.00067", "trail_dist": null}, "EGLD-USD": {"entry": 4.44, "qty": 8.382778097346097, "stop": 4.2846, "peak": 4.44, "opened_ts": 1772582986, "score": 7, "reason": "r15=0.061 r60=0.050 vR=1.32 macdH=0.0210 macdX=0 emaX=1 diff=0.02098 slope=0.00020", "trail_dist": null}, "KAVA-USD": {"entry": 0.0563, "qty": 1194.8300141232835, "stop": 0.05635870175438596, "peak": 0.0571, "opened_ts": 1772583372, "score": 9, "reason": "r15=0.048 r60=0.054 vR=1.76 macdH=0.0002 macdX=0 emaX=1 diff=0.00021 slope=0.00056", "trail_dist": 1.298245614035092}, "AZTEC-USD": {"entry": 0.02096, "qty": 2079.9047460057627, "stop": 0.020980959999999996, "peak": 0.02112, "opened_ts": 1772583464, "score": 7, "reason": "r15=0.020 r60=0.010 vR=2.56 macdH=0.0000 macdX=0 emaX=1 diff=0.00004 slope=-0.00004", "trail_dist": null}, "ROBO-USD": {"entry": 0.05099, "qty": 925.2521366913813, "stop": 0.04920535, "peak": 0.05099, "opened_ts": 1772583768, "score": 9, "reason": "r15=0.023 r60=0.034 vR=8.27 macdH=0.0001 macdX=0 emaX=1 diff=0.00010 slope=0.00036", "trail_dist": null}}