{"ARPA-USD": {"entry": 0.0095, "qty": 2631.5789473684213, "peak": 0.0095, "stop": 0.00912}, "SPK-USD": {"entry": 0.01921, "qty": 1301.405517959396, "peak": 0.0195, "stop": 0.0184416}, "RAD-USD": {"entry": 0.23, "qty": 108.69565217391303, "peak": 0.234, "stop": 0.2208}, "UMA-USD": {"entry": 0.421, "qty": 59.38242280285036, "peak": 0.423, "stop": 0.40415999999999996}, "OGN-USD": {"entry": 0.01967, "qty": 1270.9710218607015, "peak": 0.01969, "stop": 0.0188832}, "TOWNS-USD": {"entry": 0.00333, "qty": 7507.507507507507, "peak": 0.00333, "stop": 0.0031968}, "CRO-USD": {"entry": 0.0756, "qty": 330.6878306878307, "peak": 0.0756, "stop": 0.072576}, "QNT-USD": {"entry": 62.79, "qty": 0.39815257206561555, "peak": 62.86, "stop": 60.2784}, "SUI-USD": {"entry": 0.8942, "qty": 27.957951241333035, "peak": 0.8961, "stop": 0.858432}, "MANA-USD": {"entry": 0.0958, "qty": 260.96033402922757, "peak": 0.0959, "stop": 0.091968}, "OMNI-USD": {"entry": 0.806, "qty": 31.017369727047143, "peak": 0.814, "stop": 0.77376}, "REZ-USD": {"entry": 0.00279, "qty": 8960.57347670251, "peak": 0.00279, "stop": 0.0026784}, "PROVE-USD": {"entry": 0.2941, "qty": 85.00510030601836, "peak": 0.2943, "stop": 0.282336}, "ILV-USD": {"entry": 3.57, "qty": 7.002801120448179, "peak": 3.57, "stop": 3.4271999999999996}, "SAND-USD": {"entry": 0.0827, "qty": 302.2974607013301, "peak": 0.0829, "stop": 0.07939199999999999}, "MORPHO-USD": {"entry": 1.6974, "qty": 14.728408153646754, "peak": 1.7021, "stop": 1.629504}, "EIGEN-USD": {"entry": 0.184, "qty": 135.8695652173913, "peak": 0.184, "stop": 0.17664}, "SENT-USD": {"entry": 0.02098, "qty": 1191.6110581506198, "peak": 0.02133, "stop": 0.020140799999999997}, "JTO-USD": {"entry": 0.2631, "qty": 95.02090459901179, "peak": 0.2646, "stop": 0.25257599999999997}, "MON-USD": {"entry": 0.02121, "qty": 1178.6892975011788, "peak": 0.02132, "stop": 0.0203616}}