{"CTX-USD": {"entry": 0.5712, "qty": 150.0194488662085, "stop": 0.5660592, "peak": 0.5712, "opened_ts": 1772405137, "score": 5, "score_reason": "drift=0.000 mom=0.000 vol=0.0000 dd=0.000"}, "RAY-USD": {"entry": 0.5895, "qty": 49.17302835770424, "stop": 0.599025, "peak": 0.6125, "opened_ts": 1772408556, "score": 5, "score_reason": "drift=0.000 mom=0.000 vol=0.0000 dd=0.000"}, "ACH-USD": {"entry": 0.006511, "qty": 4256.037483449275, "stop": 0.006497987, "peak": 0.006689, "opened_ts": 1772409779, "score": 5, "score_reason": "drift=-0.002 mom=0.000 vol=0.0002 dd=-0.002"}, "BLZ-USD": {"entry": 0.0123, "qty": 2419.2159134400417, "stop": 0.0121893, "peak": 0.0128, "opened_ts": 1772410497, "score": 5, "score_reason": "drift=0.000 mom=0.000 vol=0.0018 dd=0.000"}, "CELR-USD": {"entry": 0.00259, "qty": 11062.120254015328, "stop": 0.00256669, "peak": 0.00259, "opened_ts": 1772411160, "score": 5, "score_reason": "drift=-0.008 mom=0.000 vol=0.0017 dd=-0.008"}}